,is_trade,l1_name,l2_name,l3_name,stock_code,name,mc,beta
0,1,传媒,游戏Ⅱ,游戏Ⅲ,002555,三七互娱,0.948,0.8666666666666667
1,1,传媒,游戏Ⅱ,游戏Ⅲ,300418,昆仑万维,0.9393333333333334,0.9753333333333334
2,1,传媒,游戏Ⅱ,游戏Ⅲ,002602,世纪华通,0.932,0.952
3,1,传媒,游戏Ⅱ,游戏Ⅲ,002558,巨人网络,0.8986666666666666,0.6073333333333333
4,1,传媒,游戏Ⅱ,游戏Ⅲ,603444,吉比特,0.892,0.13666666666666666
5,1,传媒,游戏Ⅱ,游戏Ⅲ,002517,恺英网络,0.8873333333333333,0.09266666666666666
6,1,传媒,游戏Ⅱ,游戏Ⅲ,002624,完美世界,0.8853333333333333,0.8273333333333334
7,1,传媒,游戏Ⅱ,游戏Ⅲ,300002,神州泰岳,0.834,0.2786666666666667
8,1,传媒,游戏Ⅱ,游戏Ⅲ,300459,汤姆猫,0.818,0.854
9,1,传媒,游戏Ⅱ,游戏Ⅲ,600633,浙数文化,0.7666666666666667,0.6286666666666667
10,1,传媒,游戏Ⅱ,游戏Ⅲ,002174,游族网络,0.7593333333333333,0.7766666666666666
11,1,传媒,游戏Ⅱ,游戏Ⅲ,002605,姚记科技,0.7426666666666667,0.034666666666666665
12,1,传媒,游戏Ⅱ,游戏Ⅲ,300315,掌趣科技,0.734,0.994
13,1,传媒,游戏Ⅱ,游戏Ⅲ,300113,顺网科技,0.6553333333333333,0.8686666666666667
14,1,传媒,游戏Ⅱ,游戏Ⅲ,002354,天娱数科,0.6513333333333333,0.5093333333333333
15,1,传媒,游戏Ⅱ,游戏Ⅲ,603258,电魂网络,0.6366666666666667,0.016
16,1,传媒,游戏Ⅱ,游戏Ⅲ,300533,冰川网络,0.6253333333333333,0.04
17,1,传媒,游戏Ⅱ,游戏Ⅲ,300031,宝通科技,0.622,0.9086666666666666
18,1,传媒,游戏Ⅱ,游戏Ⅲ,300494,盛天网络,0.6033333333333334,0.07
19,0,传媒,游戏Ⅱ,游戏Ⅲ,300299,富春股份,0.39,0.5913333333333334
20,0,传媒,游戏Ⅱ,游戏Ⅲ,300052,中青宝,0.38133333333333336,0.5926666666666667
21,0,传媒,游戏Ⅱ,游戏Ⅲ,002425,凯撒文化,0.376,0.418
22,0,传媒,游戏Ⅱ,游戏Ⅲ,300043,星辉娱乐,0.356,0.044
23,0,传媒,游戏Ⅱ,游戏Ⅲ,600715,文投控股,0.30266666666666664,0.584
24,0,传媒,游戏Ⅱ,游戏Ⅲ,300148,天舟文化,0.30133333333333334,0.19466666666666665
25,0,传媒,游戏Ⅱ,游戏Ⅲ,300051,三五互联,0.266,0.254
26,0,传媒,游戏Ⅱ,游戏Ⅲ,002306,中科云网,0.22933333333333333,0.1
27,0,传媒,游戏Ⅱ,游戏Ⅲ,002168,惠程科技,0.21066666666666667,0.7013333333333334
28,0,传媒,游戏Ⅱ,游戏Ⅲ,300467,迅游科技,0.20733333333333334,0.7666666666666667
29,0,传媒,游戏Ⅱ,游戏Ⅲ,600892,大晟文化,0.19333333333333333,0.023333333333333334
30,0,传媒,游戏Ⅱ,游戏Ⅲ,002502,ST鼎龙,0.056,0.19066666666666668
31,1,医药生物,中药Ⅱ,中药Ⅲ,600436,片仔癀,0.9813333333333333,0.6533333333333333
32,1,医药生物,中药Ⅱ,中药Ⅲ,000538,云南白药,0.958,0.5966666666666667
33,1,医药生物,中药Ⅱ,中药Ⅲ,600085,同仁堂,0.9493333333333334,0.25733333333333336
34,1,医药生物,中药Ⅱ,中药Ⅲ,000999,华润三九,0.9353333333333333,0.06533333333333333
35,1,医药生物,中药Ⅱ,中药Ⅲ,600332,白云山,0.9286666666666666,0.39466666666666667
36,1,医药生物,中药Ⅱ,中药Ⅲ,002603,以岭药业,0.9113333333333333,0.056
37,1,医药生物,中药Ⅱ,中药Ⅲ,600329,达仁堂,0.8813333333333333,0.052
38,1,医药生物,中药Ⅱ,中药Ⅲ,600129,太极集团,0.8673333333333333,0.112
39,0,医药生物,中药Ⅱ,中药Ⅲ,600518,ST康美,0.8606666666666667,0.08066666666666666
40,1,医药生物,中药Ⅱ,中药Ⅲ,000423,东阿阿胶,0.858,0.09933333333333333
41,1,医药生物,中药Ⅱ,中药Ⅲ,600566,济川药业,0.832,0.14
42,1,医药生物,中药Ⅱ,中药Ⅲ,603858,步长制药,0.7973333333333333,0.15333333333333332
43,1,医药生物,中药Ⅱ,中药Ⅲ,600535,天士力,0.7846666666666666,0.066
44,1,医药生物,中药Ⅱ,中药Ⅲ,000623,吉林敖东,0.7526666666666667,0.2693333333333333
45,1,医药生物,中药Ⅱ,中药Ⅲ,600771,广誉远,0.7346666666666667,0.38
46,1,医药生物,中药Ⅱ,中药Ⅲ,600572,康恩贝,0.7233333333333334,0.07733333333333334
47,0,医药生物,中药Ⅱ,中药Ⅲ,300026,红日药业,0.7153333333333334,0.06066666666666667
48,1,医药生物,中药Ⅱ,中药Ⅲ,600422,昆药集团,0.7133333333333334,0.02666666666666667
49,1,医药生物,中药Ⅱ,中药Ⅲ,603567,珍宝岛,0.6933333333333334,0.28733333333333333
50,1,医药生物,中药Ⅱ,中药Ⅲ,600557,康缘药业,0.684,0.03333333333333333
51,1,医药生物,中药Ⅱ,中药Ⅲ,002737,葵花药业,0.6693333333333333,0.26
52,1,医药生物,中药Ⅱ,中药Ⅲ,600750,江中药业,0.666,0.019333333333333334
53,1,医药生物,中药Ⅱ,中药Ⅲ,002317,众生药业,0.6653333333333333,0.013333333333333334
54,1,医药生物,中药Ⅱ,中药Ⅲ,600211,西藏药业,0.6506666666666666,0.19733333333333333
55,1,医药生物,中药Ⅱ,中药Ⅲ,002287,奇正藏药,0.6386666666666667,0.037333333333333336
56,1,医药生物,中药Ⅱ,中药Ⅲ,600993,马应龙,0.6326666666666667,0.08466666666666667
57,1,医药生物,中药Ⅱ,中药Ⅲ,000989,九芝堂,0.6273333333333333,0.14466666666666667
58,1,医药生物,中药Ⅱ,中药Ⅲ,002424,贵州百灵,0.6086666666666667,0.304
59,1,医药生物,中药Ⅱ,中药Ⅲ,600976,健民集团,0.5986666666666667,0.36133333333333334
60,1,医药生物,中药Ⅱ,中药Ⅲ,002275,桂林三金,0.5913333333333334,0.025333333333333333
61,1,医药生物,中药Ⅱ,中药Ⅲ,600285,羚锐制药,0.5506666666666666,0.11133333333333334
62,1,医药生物,中药Ⅱ,中药Ⅲ,603896,寿仙谷,0.5373333333333333,0.06
63,1,医药生物,中药Ⅱ,中药Ⅲ,000650,仁和药业,0.5306666666666666,0.24466666666666667
64,0,医药生物,中药Ⅱ,中药Ⅲ,002390,信邦制药,0.5233333333333333,0.256
65,0,医药生物,中药Ⅱ,中药Ⅲ,600252,中恒集团,0.518,0.128
66,1,医药生物,中药Ⅱ,中药Ⅲ,300181,佐力药业,0.514,0.09466666666666666
67,1,医药生物,中药Ⅱ,中药Ⅲ,300039,上海凯宝,0.4846666666666667,0.022
68,1,医药生物,中药Ⅱ,中药Ⅲ,002349,精华制药,0.484,0.03266666666666666
69,1,医药生物,中药Ⅱ,中药Ⅲ,603439,贵州三力,0.446,0.042666666666666665
70,1,医药生物,中药Ⅱ,中药Ⅲ,002907,华森制药,0.4126666666666667,0.12
71,0,医药生物,中药Ⅱ,中药Ⅲ,605199,葫芦娃,0.394,0.24066666666666667
72,1,医药生物,中药Ⅱ,中药Ⅲ,002644,佛慈制药,0.38866666666666666,0.19133333333333333
73,1,医药生物,中药Ⅱ,中药Ⅲ,603998,方盛制药,0.34933333333333333,0.19533333333333333
74,1,医药生物,中药Ⅱ,中药Ⅲ,600351,亚宝药业,0.3406666666666667,0.10866666666666666
75,1,医药生物,中药Ⅱ,中药Ⅲ,600479,千金药业,0.33866666666666667,0.04466666666666667
76,1,医药生物,中药Ⅱ,中药Ⅲ,002728,特一药业,0.3313333333333333,0.010666666666666666
77,1,医药生物,中药Ⅱ,中药Ⅲ,002082,万邦德,0.2786666666666667,0.268
78,0,医药生物,中药Ⅱ,中药Ⅲ,600594,益佰制药,0.262,0.058
79,1,医药生物,中药Ⅱ,中药Ⅲ,002864,盘龙药业,0.25466666666666665,0.046
80,0,医药生物,中药Ⅱ,中药Ⅲ,002198,嘉应制药,0.23266666666666666,0.274
81,0,医药生物,中药Ⅱ,中药Ⅲ,002750,龙津药业,0.208,0.05466666666666667
82,0,医药生物,中药Ⅱ,中药Ⅲ,002107,沃华医药,0.20533333333333334,0.16133333333333333
83,0,医药生物,中药Ⅱ,中药Ⅲ,300147,香雪制药,0.18933333333333333,0.12333333333333334
84,1,医药生物,中药Ⅱ,中药Ⅲ,002412,汉森制药,0.18333333333333332,0.25333333333333335
85,0,医药生物,中药Ⅱ,中药Ⅲ,300878,维康药业,0.174,0.22066666666666668
86,0,医药生物,中药Ⅱ,中药Ⅲ,600222,太龙药业,0.17333333333333334,0.22933333333333333
87,1,医药生物,中药Ⅱ,中药Ⅲ,002873,新天药业,0.164,0.23866666666666667
88,0,医药生物,中药Ⅱ,中药Ⅲ,301111,粤万年青,0.158,0.07466666666666667
89,0,医药生物,中药Ⅱ,中药Ⅲ,300534,陇神戎发,0.14333333333333334,0.03
90,1,医药生物,中药Ⅱ,中药Ⅲ,600080,金花股份,0.12866666666666668,0.07333333333333333
91,0,医药生物,中药Ⅱ,中药Ⅲ,301331,恩威医药,0.11666666666666667,0.08666666666666667
92,1,医药生物,中药Ⅱ,中药Ⅲ,002566,益盛药业,0.11533333333333333,0.26466666666666666
93,0,医药生物,中药Ⅱ,中药Ⅲ,300391,长药控股,0.10133333333333333,0.316
94,0,医药生物,中药Ⅱ,中药Ⅲ,300519,新光药业,0.1,0.11266666666666666
95,0,医药生物,中药Ⅱ,中药Ⅲ,603963,大理药业,0.08533333333333333,0.08733333333333333
96,0,医药生物,中药Ⅱ,中药Ⅲ,000590,启迪药业,0.066,0.16666666666666666
97,0,医药生物,中药Ⅱ,中药Ⅲ,603139,康惠制药,0.04466666666666667,0.14533333333333334
98,0,医药生物,中药Ⅱ,中药Ⅲ,002433,*ST太安,0.03866666666666667,0.10933333333333334
99,0,医药生物,中药Ⅱ,中药Ⅲ,300108,*ST吉药,0.037333333333333336,0.2793333333333333
100,0,医药生物,中药Ⅱ,中药Ⅲ,600671,*ST目药,0.024666666666666667,0.24133333333333334
101,0,医药生物,中药Ⅱ,中药Ⅲ,836433,大唐药业,0.020666666666666667,0.17066666666666666
102,0,医药生物,中药Ⅱ,中药Ⅲ,833266,生物谷,0.02,0.17866666666666667
103,0,医药生物,中药Ⅱ,中药Ⅲ,002118,*ST紫鑫,0.008,0.30733333333333335
104,1,医药生物,化学制药,化学制剂,600276,恒瑞医药,0.9933333333333333,0.6653333333333333
105,1,医药生物,化学制药,化学制剂,600196,复星医药,0.9506666666666667,0.462
106,1,医药生物,化学制药,化学制剂,000963,华东医药,0.942,0.528
107,1,医药生物,化学制药,化学制剂,002422,科伦药业,0.9086666666666666,0.326
108,1,医药生物,化学制药,化学制剂,600079,人福医药,0.906,0.176
109,1,医药生物,化学制药,化学制剂,002294,信立泰,0.8846666666666667,0.15466666666666667
110,1,医药生物,化学制药,化学制剂,000513,丽珠集团,0.8793333333333333,0.228
111,0,医药生物,化学制药,化学制剂,688506,百利天恒-U,0.8506666666666667,0.084
112,1,医药生物,化学制药,化学制剂,002262,恩华药业,0.85,0.10733333333333334
113,1,医药生物,化学制药,化学制剂,600521,华海药业,0.8326666666666667,0.37666666666666665
114,1,医药生物,化学制药,化学制剂,002653,海思科,0.82,0.23733333333333334
115,1,医药生物,化学制药,化学制剂,600380,健康元,0.8166666666666667,0.49466666666666664
116,1,医药生物,化学制药,化学制剂,300558,贝达药业,0.7733333333333333,0.416
117,0,医药生物,化学制药,化学制剂,301301,川宁生物,0.7713333333333333,0.06333333333333334
118,0,医药生物,化学制药,化学制剂,688428,诺诚健华-U,0.768,0.2966666666666667
119,1,医药生物,化学制药,化学制剂,603707,健友股份,0.76,0.31866666666666665
120,1,医药生物,化学制药,化学制剂,600062,华润双鹤,0.7386666666666667,0.09133333333333334
121,1,医药生物,化学制药,化学制剂,002773,康弘药业,0.7286666666666667,0.086
122,1,医药生物,化学制药,化学制剂,300573,兴齐眼药,0.7253333333333334,0.03933333333333333
123,1,医药生物,化学制药,化学制剂,002019,亿帆医药,0.7213333333333334,0.7626666666666667
124,0,医药生物,化学制药,化学制剂,688192,迪哲医药-U,0.6993333333333334,0.35533333333333333
125,1,医药生物,化学制药,化学制剂,600420,国药现代,0.6826666666666666,0.44333333333333336
126,1,医药生物,化学制药,化学制剂,600267,海正药业,0.6593333333333333,0.04933333333333333
127,0,医药生物,化学制药,化学制剂,688266,泽璟制药-U,0.6493333333333333,0.12666666666666668
128,1,医药生物,化学制药,化学制剂,300723,一品红,0.644,0.03866666666666667
129,1,医药生物,化学制药,化学制剂,002675,东诚药业,0.624,0.10466666666666667
130,1,医药生物,化学制药,化学制剂,688578,艾力斯,0.62,0.16
131,0,医药生物,化学制药,化学制剂,688091,上海谊众,0.6146666666666667,0.21533333333333332
132,1,医药生物,化学制药,化学制剂,002020,京新药业,0.6053333333333333,0.168
133,1,医药生物,化学制药,化学制剂,688658,悦康药业,0.602,0.862
134,0,医药生物,化学制药,化学制剂,002004,华邦健康,0.5813333333333334,0.44066666666666665
135,1,医药生物,化学制药,化学制剂,300199,翰宇药业,0.578,0.006
136,0,医药生物,化学制药,化学制剂,600812,华北制药,0.5673333333333334,0.116
137,1,医药生物,化学制药,化学制剂,300705,九典制药,0.5593333333333333,0.20333333333333334
138,0,医药生物,化学制药,化学制剂,688321,微芯生物,0.5406666666666666,0.29333333333333333
139,1,医药生物,化学制药,化学制剂,688505,复旦张江,0.5393333333333333,0.406
140,1,医药生物,化学制药,化学制剂,300630,普利制药,0.5386666666666666,0.132
141,0,医药生物,化学制药,化学制剂,688062,迈威生物-U,0.5366666666666666,0.198
142,0,医药生物,化学制药,化学制剂,600664,哈药股份,0.5353333333333333,0.11333333333333333
143,1,医药生物,化学制药,化学制剂,002755,奥赛康,0.5346666666666666,0.3466666666666667
144,1,医药生物,化学制药,化学制剂,301263,泰恩康,0.5253333333333333,0.018
145,0,医药生物,化学制药,化学制剂,688382,益方生物-U,0.522,0.072
146,1,医药生物,化学制药,化学制剂,000915,华特达因,0.5193333333333333,0.09533333333333334
147,0,医药生物,化学制药,化学制剂,601089,福元医药,0.49866666666666665,0.41933333333333334
148,0,医药生物,化学制药,化学制剂,688197,首药控股-U,0.48333333333333334,0.036
149,1,医药生物,化学制药,化学制剂,300233,金城医药,0.4826666666666667,0.05733333333333333
150,0,医药生物,化学制药,化学制剂,000597,东北制药,0.47933333333333333,0.178
151,1,医药生物,化学制药,化学制剂,600851,海欣股份,0.47,0.114
152,1,医药生物,化学制药,化学制剂,603367,辰欣药业,0.452,0.2613333333333333
153,0,医药生物,化学制药,化学制剂,000813,德展健康,0.44666666666666666,0.2806666666666667
154,1,医药生物,化学制药,化学制剂,688553,汇宇制药-W,0.44266666666666665,0.4046666666666667
155,0,医药生物,化学制药,化学制剂,002550,千红制药,0.43466666666666665,0.18333333333333332
156,1,医药生物,化学制药,化学制剂,003020,立方制药,0.428,0.21266666666666667
157,0,医药生物,化学制药,化学制剂,000566,海南海药,0.426,0.06933333333333333
158,0,医药生物,化学制药,化学制剂,688176,亚虹医药-U,0.424,0.646
159,1,医药生物,化学制药,化学制剂,688513,苑东生物,0.42333333333333334,0.21333333333333335
160,1,医药生物,化学制药,化学制剂,688566,吉贝尔,0.4206666666666667,0.152
161,0,医药生物,化学制药,化学制剂,688247,宣泰医药,0.38266666666666665,0.038
162,1,医药生物,化学制药,化学制剂,300434,金石亚药,0.37866666666666665,0.098
163,1,医药生物,化学制药,化学制剂,603676,卫信康,0.37666666666666665,0.08
164,1,医药生物,化学制药,化学制剂,600789,鲁抗医药,0.37333333333333335,0.21866666666666668
165,0,医药生物,化学制药,化学制剂,688302,海创药业-U,0.37266666666666665,0.138
166,0,医药生物,化学制药,化学制剂,688373,盟科药业-U,0.37133333333333335,0.42533333333333334
167,0,医药生物,化学制药,化学制剂,002793,罗欣药业,0.36866666666666664,0.388
168,0,医药生物,化学制药,化学制剂,300158,振东制药,0.3586666666666667,0.22666666666666666
169,0,医药生物,化学制药,化学制剂,002435,长江健康,0.3546666666666667,0.2886666666666667
170,1,医药生物,化学制药,化学制剂,600200,江苏吴中,0.34,0.6946666666666667
171,0,医药生物,化学制药,化学制剂,300204,舒泰神,0.3253333333333333,0.029333333333333333
172,0,医药生物,化学制药,化学制剂,300110,华仁药业,0.31,0.19933333333333333
173,0,医药生物,化学制药,化学制剂,300255,常山药业,0.30466666666666664,0.054
174,0,医药生物,化学制药,化学制剂,300194,福安药业,0.3,0.18866666666666668
175,0,医药生物,化学制药,化学制剂,000766,通化金马,0.29733333333333334,0.06466666666666666
176,1,医药生物,化学制药,化学制剂,002923,润都股份,0.28733333333333333,0.21933333333333332
177,1,医药生物,化学制药,化学制剂,002393,力生制药,0.2853333333333333,0.4826666666666667
178,0,医药生物,化学制药,化学制剂,000931,中关村,0.2753333333333333,0.19666666666666666
179,0,医药生物,化学制药,化学制剂,002437,誉衡药业,0.27466666666666667,0.188
180,0,医药生物,化学制药,化学制剂,300436,广生堂,0.274,0.11733333333333333
181,0,医药生物,化学制药,化学制剂,600624,复旦复华,0.2713333333333333,0.24933333333333332
182,1,医药生物,化学制药,化学制剂,002900,哈三联,0.26,0.26066666666666666
183,0,医药生物,化学制药,化学制剂,688221,前沿生物-U,0.25733333333333336,0.13933333333333334
184,1,医药生物,化学制药,化学制剂,000788,北大医药,0.25333333333333335,0.17266666666666666
185,1,医药生物,化学制药,化学制剂,603811,诚意药业,0.24933333333333332,0.28
186,1,医药生物,化学制药,化学制剂,002940,昂利康,0.234,0.558
187,1,医药生物,化学制药,化学制剂,000919,金陵药业,0.23333333333333334,0.33266666666666667
188,0,医药生物,化学制药,化学制剂,300111,向日葵,0.22533333333333333,0.3413333333333333
189,1,医药生物,化学制药,化学制剂,600774,汉商集团,0.22266666666666668,0.352
190,0,医药生物,化学制药,化学制剂,300006,莱美药业,0.21866666666666668,0.10066666666666667
191,1,医药生物,化学制药,化学制剂,688799,华纳药厂,0.21333333333333335,0.27
192,0,医药生物,化学制药,化学制剂,688117,圣诺生物,0.206,0.45
193,1,医药生物,化学制药,化学制剂,600613,神奇制药,0.19866666666666666,0.158
194,0,医药生物,化学制药,化学制剂,603669,灵康药业,0.18066666666666667,0.3373333333333333
195,1,医药生物,化学制药,化学制剂,300016,北陆药业,0.172,0.17333333333333334
196,1,医药生物,化学制药,化学制剂,000153,丰原药业,0.16,0.11
197,0,医药生物,化学制药,化学制剂,603168,莎普爱思,0.142,0.02
198,0,医药生物,化学制药,化学制剂,300584,海辰药业,0.132,0.042
199,1,医药生物,化学制药,化学制剂,600513,联环药业,0.12066666666666667,0.11533333333333333
200,1,医药生物,化学制药,化学制剂,300086,康芝药业,0.111,0.22866666666666666
201,1,医药生物,化学制药,化学制剂,688189,南新制药,0.10666666666666667,0.2753333333333333
202,0,医药生物,化学制药,化学制剂,002693,双成药业,0.09533333333333334,0.2
203,0,医药生物,化学制药,化学制剂,000908,景峰医药,0.08933333333333333,0.354
204,0,医药生物,化学制药,化学制剂,301130,西点药业,0.076,0.206
205,0,医药生物,化学制药,化学制剂,002370,亚太药业,0.07533333333333334,0.27666666666666667
206,0,医药生物,化学制药,化学制剂,002826,易明医药,0.07,0.16066666666666668
207,0,医药生物,化学制药,化学制剂,301075,多瑞医药,0.062,0.13266666666666665
208,0,医药生物,化学制药,化学制剂,002898,赛隆药业,0.06,0.09
209,0,医药生物,化学制药,化学制剂,832735,德源药业,0.05533333333333333,0.126
210,0,医药生物,化学制药,化学制剂,002872,ST天圣,0.043333333333333335,0.2633333333333333
211,0,医药生物,化学制药,化学制剂,300254,仟源医药,0.042,0.23533333333333334
212,0,医药生物,化学制药,化学制剂,002742,ST三圣,0.03666666666666667,0.8233333333333334
213,0,医药生物,化学制药,化学制剂,430017,星昊医药,0.034666666666666665,0.4666666666666667
214,0,医药生物,化学制药,化学制剂,832566,梓橦宫,0.028666666666666667,0.18533333333333332
215,0,医药生物,化学制药,化学制剂,600781,退辅仁,0.007333333333333333,0.16466666666666666
216,1,医药生物,化学制药,原料药,002001,新和成,0.9253333333333333,0.5893333333333334
217,1,医药生物,化学制药,原料药,603456,九洲药业,0.8173333333333334,0.7166666666666667
218,1,医药生物,化学制药,原料药,000739,普洛药业,0.7753333333333333,0.51
219,1,医药生物,化学制药,原料药,688690,纳微科技,0.74,0.5546666666666666
220,1,医药生物,化学制药,原料药,002399,海普瑞,0.7186666666666667,0.294
221,1,医药生物,化学制药,原料药,000756,新华制药,0.6873333333333334,0.017333333333333333
222,1,医药生物,化学制药,原料药,300765,新诺威,0.6866666666666666,0.7726666666666666
223,1,医药生物,化学制药,原料药,002099,海翔药业,0.678,0.05533333333333333
224,1,医药生物,化学制药,原料药,002332,仙琚制药,0.662,0.13133333333333333
225,0,医药生物,化学制药,原料药,301246,宏源药业,0.6466666666666666,0.23133333333333334
226,1,医药生物,化学制药,原料药,605507,国邦医药,0.628,0.17933333333333334
227,1,医药生物,化学制药,原料药,600216,浙江医药,0.5966666666666667,0.392
228,1,医药生物,化学制药,原料药,605116,奥锐特,0.5786666666666667,0.11466666666666667
229,1,医药生物,化学制药,原料药,688166,博瑞医药,0.5546666666666666,0.059333333333333335
230,1,医药生物,化学制药,原料药,603229,奥翔药业,0.5446666666666666,0.14266666666666666
231,0,医药生物,化学制药,原料药,002102,冠福股份,0.54,0.10333333333333333
232,1,医药生物,化学制药,原料药,301089,拓新药业,0.534,0.009333333333333334
233,1,医药生物,化学制药,原料药,300702,天宇股份,0.5286666666666666,0.11666666666666667
234,1,医药生物,化学制药,原料药,301211,亨迪药业,0.4866666666666667,0.004666666666666667
235,1,医药生物,化学制药,原料药,300497,富祥药业,0.4706666666666667,0.4673333333333333
236,0,医药生物,化学制药,原料药,300267,尔康制药,0.444,0.32133333333333336
237,0,医药生物,化学制药,原料药,688356,键凯科技,0.43533333333333335,0.37333333333333335
238,1,医药生物,化学制药,原料药,300401,花园生物,0.41333333333333333,0.32066666666666666
239,0,医药生物,化学制药,原料药,600488,津药药业,0.406,0.09066666666666667
240,1,医药生物,化学制药,原料药,603520,司太立,0.3606666666666667,0.192
241,1,医药生物,化学制药,原料药,300636,同和药业,0.272,0.298
242,0,医药生物,化学制药,原料药,300452,山河药辅,0.26066666666666666,0.068
243,0,医药生物,化学制药,原料药,301277,新天地,0.244,0.035333333333333335
244,1,医药生物,化学制药,原料药,603538,美诺华,0.236,0.38066666666666665
245,0,医药生物,化学制药,原料药,301258,富士莱,0.20266666666666666,0.3606666666666667
246,1,医药生物,化学制药,原料药,603351,威尔药业,0.19466666666666665,0.25133333333333335
247,1,医药生物,化学制药,原料药,300381,溢多利,0.19133333333333333,0.5046666666666667
248,1,医药生物,化学制药,原料药,830946,森萱医药,0.18666666666666668,0.03666666666666667
249,0,医药生物,化学制药,原料药,001367,海森药业,0.162,0.032
250,1,医药生物,化学制药,原料药,300583,赛托生物,0.15133333333333332,0.15133333333333332
251,1,医药生物,化学制药,原料药,002365,永安药业,0.13533333333333333,0.31666666666666665
252,0,医药生物,化学制药,原料药,301281,科源制药,0.12933333333333333,0.11933333333333333
253,1,医药生物,化学制药,原料药,000952,广济药业,0.11466666666666667,0.398
254,0,医药生物,化学制药,原料药,605177,东亚药业,0.112,0.216
255,0,医药生物,化学制药,原料药,300966,共同药业,0.10333333333333333,0.33
256,0,医药生物,化学制药,原料药,002817,黄山胶囊,0.10066666666666667,0.20733333333333334
257,0,医药生物,化学制药,原料药,301065,本立科技,0.07933333333333334,0.4226666666666667
258,1,医药生物,化学制药,原料药,603079,圣达生物,0.07133333333333333,0.5153333333333333
259,0,医药生物,化学制药,原料药,000953,河化股份,0.059333333333333335,0.12933333333333333
260,0,医药生物,化学制药,原料药,833230,欧康医药,0.016,0.15
261,0,医药生物,化学制药,原料药,430478,峆一药业,0.015333333333333332,0.07266666666666667
262,0,医药生物,化学制药,原料药,873167,新赣江,0.012666666666666666,0.23666666666666666
263,1,医药生物,医疗器械,医疗耗材,300003,乐普医疗,0.9066666666666666,0.30266666666666664
264,1,医药生物,医疗器械,医疗耗材,300595,欧普康视,0.8253333333333334,0.9233333333333333
265,1,医药生物,医疗器械,医疗耗材,688617,惠泰医疗,0.8053333333333333,0.15733333333333333
266,1,医药生物,医疗器械,医疗耗材,688050,爱博医疗,0.7746666666666666,0.43933333333333335
267,1,医药生物,医疗器械,医疗耗材,300529,健帆生物,0.7613333333333333,0.34933333333333333
268,1,医药生物,医疗器械,医疗耗材,600529,山东药玻,0.7393333333333333,0.2773333333333333
269,1,医药生物,医疗器械,医疗耗材,688161,威高骨科,0.7366666666666667,0.10266666666666667
270,1,医药生物,医疗器械,医疗耗材,688029,南微医学,0.7,0.18666666666666668
271,1,医药生物,医疗器械,医疗耗材,300677,英科医疗,0.68,0.3273333333333333
272,1,医药生物,医疗器械,医疗耗材,688366,昊海生科,0.674,0.6266666666666667
273,0,医药生物,医疗器械,医疗耗材,688198,佰仁医疗,0.6673333333333333,0.136
274,1,医药生物,医疗器械,医疗耗材,002901,大博医疗,0.6446666666666667,0.076
275,1,医药生物,医疗器械,医疗耗材,688236,春立医疗,0.6406666666666667,0.244
276,1,医药生物,医疗器械,医疗耗材,688016,心脉医疗,0.6073333333333333,0.3393333333333333
277,1,医药生物,医疗器械,医疗耗材,301087,可孚医疗,0.5793333333333334,0.18933333333333333
278,0,医药生物,医疗器械,医疗耗材,688351,微电生理-U,0.5473333333333333,0.16333333333333333
279,1,医药生物,医疗器械,医疗耗材,603301,振德医疗,0.52,0.29133333333333333
280,0,医药生物,医疗器械,医疗耗材,688581,安杰思,0.4726666666666667,0.856
281,1,医药生物,医疗器械,医疗耗材,002382,蓝帆医疗,0.468,0.14133333333333334
282,1,医药生物,医疗器械,医疗耗材,688151,华强科技,0.44733333333333336,0.4766666666666667
283,1,医药生物,医疗器械,医疗耗材,688085,三友医疗,0.44066666666666665,0.43866666666666665
284,1,医药生物,医疗器械,医疗耗材,002950,奥美医疗,0.432,0.284
285,0,医药生物,医疗器械,医疗耗材,605369,拱东医疗,0.4073333333333333,0.826
286,0,医药生物,医疗器械,医疗耗材,300653,正海生物,0.4026666666666667,0.296
287,1,医药生物,医疗器械,医疗耗材,300981,中红医疗,0.402,0.14866666666666667
288,1,医药生物,医疗器械,医疗耗材,603222,济民医疗,0.3893333333333333,0.23466666666666666
289,1,医药生物,医疗器械,医疗耗材,603987,康德莱,0.37733333333333335,0.24666666666666667
290,1,医药生物,医疗器械,医疗耗材,603309,维力医疗,0.3293333333333333,0.25066666666666665
291,1,医药生物,医疗器械,医疗耗材,300326,凯利泰,0.31133333333333335,0.42
292,1,医药生物,医疗器械,医疗耗材,301093,华兰股份,0.29533333333333334,0.322
293,0,医药生物,医疗器械,医疗耗材,300238,冠昊生物,0.284,0.164
294,0,医药生物,医疗器械,医疗耗材,688108,赛诺医疗,0.258,0.008666666666666666
295,0,医药生物,医疗器械,医疗耗材,301122,采纳股份,0.24,0.308
296,1,医药生物,医疗器械,医疗耗材,300453,三鑫医疗,0.198,0.184
297,0,医药生物,医疗器械,医疗耗材,002551,尚荣医疗,0.17466666666666666,0.26266666666666666
298,0,医药生物,医疗器械,医疗耗材,688613,奥精医疗,0.17133333333333334,0.15066666666666667
299,0,医药生物,医疗器械,医疗耗材,688314,康拓医疗,0.14066666666666666,0.08133333333333333
300,1,医药生物,医疗器械,医疗耗材,603976,正川股份,0.13866666666666666,0.4866666666666667
301,0,医药生物,医疗器械,医疗耗材,301033,迈普医学,0.13333333333333333,0.05333333333333334
302,0,医药生物,医疗器械,医疗耗材,301097,天益医疗,0.13,0.142
303,0,医药生物,医疗器械,医疗耗材,688026,洁特生物,0.09933333333333333,0.6093333333333333
304,0,医药生物,医疗器械,医疗耗材,301234,五洲医疗,0.06533333333333333,0.21066666666666667
305,0,医药生物,医疗器械,医疗耗材,688013,天臣医疗,0.058,0.222
306,0,医药生物,医疗器械,医疗耗材,603880,ST南卫,0.042666666666666665,0.25266666666666665
307,1,医药生物,医疗器械,医疗设备,300760,迈瑞医疗,0.9953333333333333,0.30133333333333334
308,0,医药生物,医疗器械,医疗设备,688271,联影医疗,0.9666666666666667,0.4086666666666667
309,0,医药生物,医疗器械,医疗设备,688114,华大智造,0.8886666666666667,0.29
310,1,医药生物,医疗器械,医疗设备,002223,鱼跃医疗,0.8713333333333333,0.196
311,1,医药生物,医疗器械,医疗设备,688301,奕瑞科技,0.8373333333333334,0.144
312,1,医药生物,医疗器械,医疗设备,300633,开立医疗,0.8066666666666666,0.06666666666666667
313,1,医药生物,医疗器械,医疗设备,300171,东富龙,0.7313333333333333,0.38133333333333336
314,0,医药生物,医疗器械,医疗设备,301363,美好医疗,0.726,0.2986666666666667
315,1,医药生物,医疗器械,医疗设备,688139,海尔生物,0.7113333333333334,0.09733333333333333
316,1,医药生物,医疗器械,医疗设备,600587,新华医疗,0.704,0.22466666666666665
317,1,医药生物,医疗器械,医疗设备,300298,三诺生物,0.6966666666666667,0.09333333333333334
318,1,医药生物,医疗器械,医疗设备,600055,万东医疗,0.672,0.5073333333333333
319,0,医药生物,医疗器械,医疗设备,301367,怡和嘉业,0.5933333333333334,0.20866666666666667
320,1,医药生物,医疗器械,医疗设备,300869,康泰医学,0.5566666666666666,0.22733333333333333
321,0,医药生物,医疗器械,医疗设备,688212,澳华内镜,0.5433333333333333,0.082
322,1,医药生物,医疗器械,医疗设备,300206,理邦仪器,0.5126666666666667,0.224
323,1,医药生物,医疗器械,医疗设备,300358,楚天科技,0.51,0.6053333333333333
324,0,医药生物,医疗器械,医疗设备,688576,西山科技,0.49266666666666664,0.9993333333333333
325,0,医药生物,医疗器械,医疗设备,688410,山外山,0.486,0.7693333333333333
326,0,医药生物,医疗器械,医疗设备,688277,天智航-U,0.4806666666666667,0.27066666666666667
327,0,医药生物,医疗器械,医疗设备,688677,海泰新光,0.4553333333333333,0.4146666666666667
328,1,医药生物,医疗器械,医疗设备,300049,福瑞股份,0.438,0.522
329,0,医药生物,医疗器械,医疗设备,688626,翔宇医疗,0.43333333333333335,0.3526666666666667
330,1,医药生物,医疗器械,医疗设备,300314,戴维医疗,0.388,0.014
331,0,医药生物,医疗器械,医疗设备,688358,祥生医疗,0.37466666666666665,0.028
332,0,医药生物,医疗器械,医疗设备,688580,伟思医疗,0.31666666666666665,0.214
333,0,医药生物,医疗器械,医疗设备,688273,麦澜德,0.24266666666666667,0.6986666666666667
334,0,医药生物,医疗器械,医疗设备,301235,华康医疗,0.18466666666666667,0.14333333333333334
335,0,医药生物,医疗器械,医疗设备,301290,东星医疗,0.18266666666666667,0.2733333333333333
336,1,医药生物,医疗器械,医疗设备,300246,宝莱特,0.15,0.104
337,0,医药生物,医疗器械,医疗设备,300753,爱朋医疗,0.09466666666666666,0.006666666666666667
338,0,医药生物,医疗器械,医疗设备,300030,阳普医疗,0.08733333333333333,0.02266666666666667
339,0,医药生物,医疗器械,医疗设备,300562,乐心医疗,0.07266666666666667,0.15666666666666668
340,0,医药生物,医疗器械,医疗设备,688607,康众医疗,0.048,0.248
341,0,医药生物,医疗器械,医疗设备,872925,锦好医疗,0.024,0.37533333333333335
342,0,医药生物,医疗器械,医疗设备,835892,中科美菱,0.023333333333333334,0.6553333333333333
343,0,医药生物,医疗器械,医疗设备,832278,鹿得医疗,0.022,0.13066666666666665
344,0,医药生物,医疗器械,医疗设备,430300,辰光医疗,0.012,0.002
345,0,医药生物,医疗器械,医疗设备,300273,和佳退,0.0033333333333333335,0.01
346,1,医药生物,医疗服务,其他医疗服务,688315,诺禾致源,0.61,0.10133333333333333
347,0,医药生物,医疗服务,其他医疗服务,000504,南华生物,0.21133333333333335,0.25533333333333336
348,1,医药生物,医疗服务,医疗研发外包,603259,药明康德,0.986,0.9493333333333334
349,1,医药生物,医疗服务,医疗研发外包,300347,泰格医药,0.936,0.8886666666666667
350,1,医药生物,医疗服务,医疗研发外包,300759,康龙化成,0.9293333333333333,0.9786666666666667
351,1,医药生物,医疗服务,医疗研发外包,002821,凯莱英,0.924,0.8386666666666667
352,1,医药生物,医疗服务,医疗研发外包,603127,昭衍新药,0.806,0.738
353,1,医药生物,医疗服务,医疗研发外包,300363,博腾股份,0.7073333333333334,0.7593333333333333
354,1,医药生物,医疗服务,医疗研发外包,688202,美迪西,0.6006666666666667,0.474
355,1,医药生物,医疗服务,医疗研发外包,300725,药石科技,0.5826666666666667,0.8106666666666666
356,1,医药生物,医疗服务,医疗研发外包,688131,皓元医药,0.5426666666666666,0.7313333333333333
357,0,医药生物,医疗服务,医疗研发外包,688046,药康生物,0.526,0.282
358,1,医药生物,医疗服务,医疗研发外包,688076,诺泰生物,0.512,0.015333333333333332
359,0,医药生物,医疗服务,医疗研发外包,688238,和元生物,0.5106666666666667,0.714
360,0,医药生物,医疗服务,医疗研发外包,688222,成都先导,0.4493333333333333,0.17733333333333334
361,0,医药生物,医疗服务,医疗研发外包,688621,阳光诺和,0.44866666666666666,0.314
362,1,医药生物,医疗服务,医疗研发外包,301096,百诚医药,0.43733333333333335,0.5166666666666667
363,0,医药生物,医疗服务,医疗研发外包,688073,毕得医药,0.43266666666666664,0.608
364,0,医药生物,医疗服务,医疗研发外包,301333,诺思格,0.35333333333333333,0.33066666666666666
365,0,医药生物,医疗服务,医疗研发外包,301230,泓博医药,0.282,0.626
366,0,医药生物,医疗服务,医疗研发外包,300404,博济医药,0.252,0.012
367,1,医药生物,医疗服务,医疗研发外包,300149,睿智医药,0.25,0.118
368,0,医药生物,医疗服务,医疗研发外包,301201,诚达药业,0.24133333333333334,0.096
369,1,医药生物,医疗服务,医疗研发外包,301257,普蕊斯,0.22866666666666666,0.6
370,0,医药生物,医疗服务,医疗研发外包,688265,南模生物,0.16933333333333334,0.286
371,0,医药生物,医疗服务,医疗研发外包,600721,百花医药,0.092,0.148
372,0,医药生物,医疗服务,医疗研发外包,835670,数字人,0.035333333333333335,0.8606666666666667
373,1,医药生物,医疗服务,医院,300015,爱尔眼科,0.9846666666666667,0.8266666666666667
374,0,医药生物,医疗服务,医院,301267,华厦眼科,0.8893333333333333,0.236
375,1,医药生物,医疗服务,医院,600763,通策医疗,0.8593333333333333,0.8393333333333334
376,1,医药生物,医疗服务,医院,002044,美年健康,0.8293333333333334,0.312
377,1,医药生物,医疗服务,医院,000516,国际医学,0.7533333333333333,0.3913333333333333
378,0,医药生物,医疗服务,医院,301239,普瑞眼科,0.7266666666666667,0.33666666666666667
379,0,医药生物,医疗服务,医院,002219,新里程,0.708,0.21466666666666667
380,0,医药生物,医疗服务,医院,301293,三博脑科,0.692,0.0026666666666666666
381,1,医药生物,医疗服务,医院,300143,盈康生命,0.45866666666666667,0.5613333333333334
382,1,医药生物,医疗服务,医院,301103,何氏眼科,0.45266666666666666,0.32866666666666666
383,1,医药生物,医疗服务,医院,002173,创新医疗,0.31066666666666665,0.13333333333333333
384,0,医药生物,医疗服务,医院,600568,ST中珠,0.20066666666666666,0.194
385,0,医药生物,医疗服务,医院,002524,光正眼科,0.16733333333333333,0.36533333333333334
386,0,医药生物,医疗服务,医院,002172,澳洋健康,0.10266666666666667,0.27466666666666667
387,1,医药生物,生物制品,其他生物制品,688235,百济神州-U,0.982,0.7953333333333333
388,1,医药生物,生物制品,其他生物制品,000661,长春高新,0.93,0.5
389,1,医药生物,生物制品,其他生物制品,688180,君实生物-U,0.898,0.24866666666666667
390,1,医药生物,生物制品,其他生物制品,688331,荣昌生物,0.8866666666666667,0.7126666666666667
391,0,医药生物,生物制品,其他生物制品,688520,神州细胞-U,0.8366666666666667,0.37733333333333335
392,1,医药生物,生物制品,其他生物制品,603087,甘李药业,0.774,0.3626666666666667
393,1,医药生物,生物制品,其他生物制品,600867,通化东宝,0.764,0.07866666666666666
394,1,医药生物,生物制品,其他生物制品,300357,我武生物,0.732,0.42333333333333334
395,1,医药生物,生物制品,其他生物制品,688278,特宝生物,0.7206666666666667,0.11866666666666667
396,1,医药生物,生物制品,其他生物制品,300009,安科生物,0.7086666666666667,0.2926666666666667
397,1,医药生物,生物制品,其他生物制品,688105,诺唯赞,0.648,0.5906666666666667
398,0,医药生物,生物制品,其他生物制品,002581,未名医药,0.6246666666666667,0.318
399,0,医药生物,生物制品,其他生物制品,301047,义翘神州,0.6133333333333333,0.41133333333333333
400,1,医药生物,生物制品,其他生物制品,600682,南京新百,0.604,0.44466666666666665
401,0,医药生物,生物制品,其他生物制品,688177,百奥泰,0.5993333333333334,0.6913333333333334
402,0,医药生物,生物制品,其他生物制品,688336,三生国健,0.5853333333333334,0.28933333333333333
403,1,医药生物,生物制品,其他生物制品,002038,双鹭药业,0.582,0.17533333333333334
404,1,医药生物,生物制品,其他生物制品,000534,万泽股份,0.506,0.346
405,0,医药生物,生物制品,其他生物制品,301080,百普赛斯,0.4713333333333333,0.404
406,0,医药生物,生物制品,其他生物制品,688488,艾迪药业,0.36733333333333335,0.7206666666666667
407,0,医药生物,生物制品,其他生物制品,688293,奥浦迈,0.348,0.4073333333333333
408,1,医药生物,生物制品,其他生物制品,603590,康辰药业,0.33,0.5773333333333334
409,1,医药生物,生物制品,其他生物制品,300485,赛升药业,0.32,0.08933333333333333
410,1,医药生物,生物制品,其他生物制品,300683,海特生物,0.2946666666666667,0.2846666666666667
411,1,医药生物,生物制品,其他生物制品,688687,凯因科技,0.28933333333333333,0.264
412,1,医药生物,生物制品,其他生物制品,301166,优宁维,0.23733333333333334,0.20133333333333334
413,0,医药生物,生物制品,其他生物制品,688136,科兴制药,0.23666666666666666,0.30933333333333335
414,0,医药生物,生物制品,其他生物制品,688137,近岸蛋白,0.22,0.7173333333333334
415,0,医药生物,生物制品,其他生物制品,430047,诺思兰德,0.21533333333333332,0.376
416,1,医药生物,生物制品,其他生物制品,300239,东宝生物,0.21266666666666667,0.36933333333333335
417,0,医药生物,生物制品,其他生物制品,688426,康为世纪,0.156,0.23333333333333334
418,0,医药生物,生物制品,其他生物制品,000518,四环生物,0.11266666666666666,0.35333333333333333
419,0,医药生物,生物制品,其他生物制品,688163,赛伦生物,0.09066666666666667,0.788
420,0,医药生物,生物制品,其他生物制品,837344,三元基因,0.058666666666666666,0.3453333333333333
421,1,医药生物,生物制品,疫苗,300122,智飞生物,0.9633333333333334,0.2833333333333333
422,1,医药生物,生物制品,疫苗,603392,万泰生物,0.954,0.8626666666666667
423,1,医药生物,生物制品,疫苗,300142,沃森生物,0.9053333333333333,0.5733333333333334
424,1,医药生物,生物制品,疫苗,002007,华兰生物,0.8993333333333333,0.3506666666666667
425,1,医药生物,生物制品,疫苗,300601,康泰生物,0.8393333333333334,0.516
426,1,医药生物,生物制品,疫苗,688276,百克生物,0.8106666666666666,0.16933333333333334
427,1,医药生物,生物制品,疫苗,688185,康希诺,0.7773333333333333,0.4053333333333333
428,1,医药生物,生物制品,疫苗,301207,华兰疫苗,0.7766666666666666,0.25
429,1,医药生物,生物制品,疫苗,600739,辽宁成大,0.776,0.48333333333333334
430,1,医药生物,生物制品,疫苗,688739,成大生物,0.6646666666666666,0.2946666666666667
431,1,医药生物,生物制品,疫苗,300841,康华生物,0.5693333333333334,0.596
432,0,医药生物,生物制品,疫苗,688319,欧林生物,0.5493333333333333,0.306
433,0,医药生物,生物制品,疫苗,688670,金迪克,0.41933333333333334,0.5986666666666667
434,0,医药生物,生物制品,疫苗,833575,康乐卫士,0.242,0.064
435,1,商贸零售,旅游零售Ⅱ,旅游零售Ⅲ,601888,中国中免,0.9906666666666667,0.9466666666666667
436,1,国防军工,军工电子Ⅱ,军工电子Ⅲ,002179,中航光电,0.9553333333333334,0.476
437,1,国防军工,军工电子Ⅱ,军工电子Ⅲ,300474,景嘉微,0.908,0.9133333333333333
438,1,国防军工,军工电子Ⅱ,军工电子Ⅲ,000733,振华科技,0.9046666666666666,0.46
439,1,国防军工,军工电子Ⅱ,军工电子Ⅲ,002414,高德红外,0.8653333333333333,0.6473333333333333
440,0,国防军工,军工电子Ⅱ,军工电子Ⅲ,688375,国博电子,0.8446666666666667,0.5526666666666666
441,1,国防军工,军工电子Ⅱ,军工电子Ⅲ,300114,中航电测,0.838,0.544
442,1,国防军工,军工电子Ⅱ,军工电子Ⅲ,002025,航天电器,0.8206666666666667,0.10666666666666667
443,1,国防军工,军工电子Ⅱ,军工电子Ⅲ,002465,海格通信,0.7926666666666666,0.5053333333333333
444,1,国防军工,军工电子Ⅱ,军工电子Ⅲ,688002,睿创微纳,0.7813333333333333,0.706
445,1,国防军工,军工电子Ⅱ,军工电子Ⅲ,603712,七一二,0.7793333333333333,0.12133333333333333
446,0,国防军工,军工电子Ⅱ,军工电子Ⅲ,688439,振华风光,0.756,0.49066666666666664
447,1,国防军工,军工电子Ⅱ,军工电子Ⅲ,600562,国睿科技,0.748,0.67
448,1,国防军工,军工电子Ⅱ,军工电子Ⅲ,002151,北斗星通,0.6953333333333334,0.20666666666666667
449,1,国防军工,军工电子Ⅱ,军工电子Ⅲ,000547,航天发展,0.694,0.5713333333333334
450,1,国防军工,军工电子Ⅱ,军工电子Ⅲ,300726,宏达电子,0.688,0.7566666666666667
451,1,国防军工,军工电子Ⅱ,军工电子Ⅲ,603678,火炬电子,0.668,0.422
452,1,国防军工,军工电子Ⅱ,军工电子Ⅲ,603267,鸿远电子,0.642,0.5786666666666667
453,0,国防军工,军工电子Ⅱ,军工电子Ⅲ,001270,铖昌科技,0.6213333333333333,0.6013333333333334
454,1,国防军工,军工电子Ⅱ,军工电子Ⅲ,300101,振芯科技,0.5973333333333334,0.9073333333333333
455,1,国防军工,军工电子Ⅱ,军工电子Ⅲ,301050,雷电微力,0.5886666666666667,0.13866666666666666
456,0,国防军工,军工电子Ⅱ,军工电子Ⅲ,688552,航天南湖,0.5266666666666666,0.050666666666666665
457,1,国防军工,军工电子Ⅱ,军工电子Ⅲ,688776,国光电气,0.5226666666666666,0.262
458,1,国防军工,军工电子Ⅱ,军工电子Ⅲ,002446,盛路通信,0.5113333333333333,0.364
459,1,国防军工,军工电子Ⅱ,军工电子Ⅲ,002338,奥普光电,0.5046666666666667,0.6506666666666666
460,0,国防军工,军工电子Ⅱ,军工电子Ⅲ,688522,纳睿雷达,0.5033333333333333,0.202
461,0,国防军工,军工电子Ⅱ,军工电子Ⅲ,002214,大立科技,0.49133333333333334,0.5186666666666667
462,1,国防军工,军工电子Ⅱ,军工电子Ⅲ,300252,金信诺,0.49,0.4106666666666667
463,0,国防军工,军工电子Ⅱ,军工电子Ⅲ,300045,华力创通,0.48533333333333334,0.614
464,0,国防军工,军工电子Ⅱ,军工电子Ⅲ,688311,盟升电子,0.4746666666666667,0.4573333333333333
465,0,国防军工,军工电子Ⅱ,军工电子Ⅲ,300762,上海瀚讯,0.46266666666666667,0.61
466,1,国防军工,军工电子Ⅱ,军工电子Ⅲ,300123,亚光科技,0.4613333333333333,0.8193333333333334
467,1,国防军工,军工电子Ⅱ,军工电子Ⅲ,002935,天奥电子,0.45666666666666667,0.444
468,0,国防军工,军工电子Ⅱ,军工电子Ⅲ,002413,雷科防务,0.44333333333333336,0.4633333333333333
469,1,国防军工,军工电子Ⅱ,军工电子Ⅲ,600990,四创电子,0.4266666666666667,0.6313333333333333
470,0,国防军工,军工电子Ⅱ,军工电子Ⅲ,301302,华如科技,0.4226666666666667,0.21133333333333335
471,0,国防军工,军工电子Ⅱ,军工电子Ⅲ,688053,思科瑞,0.396,0.12066666666666667
472,0,国防军工,军工电子Ⅱ,军工电子Ⅲ,300397,天和防务,0.38066666666666665,0.6586666666666666
473,1,国防军工,军工电子Ⅱ,军工电子Ⅲ,600590,泰豪科技,0.38,0.6693333333333333
474,1,国防军工,军工电子Ⅱ,军工电子Ⅲ,300447,全信股份,0.36933333333333335,0.5853333333333334
475,0,国防军工,军工电子Ⅱ,军工电子Ⅲ,688084,晶品特装,0.3453333333333333,0.21733333333333332
476,1,国防军工,军工电子Ⅱ,军工电子Ⅲ,300177,中海达,0.3353333333333333,0.48733333333333334
477,1,国防军工,军工电子Ⅱ,军工电子Ⅲ,002383,合众思壮,0.31333333333333335,0.502
478,0,国防军工,军工电子Ⅱ,军工电子Ⅲ,300629,新劲刚,0.29933333333333334,0.644
479,1,国防军工,军工电子Ⅱ,军工电子Ⅲ,002189,中光学,0.28,0.29533333333333334
480,0,国防军工,军工电子Ⅱ,军工电子Ⅲ,688682,霍莱沃,0.278,0.5346666666666666
481,0,国防军工,军工电子Ⅱ,军工电子Ⅲ,688788,科思科技,0.27266666666666667,0.616
482,0,国防军工,军工电子Ⅱ,军工电子Ⅲ,688132,邦彦技术,0.22666666666666666,0.5753333333333334
483,0,国防军工,军工电子Ⅱ,军工电子Ⅲ,002977,天箭科技,0.20866666666666667,0.5393333333333333
484,0,国防军工,军工电子Ⅱ,军工电子Ⅲ,688636,智明达,0.192,0.04733333333333333
485,0,国防军工,军工电子Ⅱ,军工电子Ⅲ,301213,观想科技,0.18866666666666668,0.43533333333333335
486,0,国防军工,军工电子Ⅱ,军工电子Ⅲ,688175,高凌信息,0.16066666666666668,0.6773333333333333
487,0,国防军工,军工电子Ⅱ,军工电子Ⅲ,301306,西测测试,0.15466666666666667,0.442
488,0,国防军工,军工电子Ⅱ,军工电子Ⅲ,688511,天微电子,0.10866666666666666,0.414
489,0,国防军工,军工电子Ⅱ,军工电子Ⅲ,688011,新光光电,0.09733333333333333,0.7413333333333333
490,0,国防军工,军工电子Ⅱ,军工电子Ⅲ,002231,奥维通信,0.09333333333333334,0.36
491,0,国防军工,军工电子Ⅱ,军工电子Ⅲ,688081,兴图新科,0.06733333333333333,0.8033333333333333
492,0,国防军工,军工电子Ⅱ,军工电子Ⅲ,688272,*ST富吉,0.04,0.09866666666666667
493,1,国防军工,地面兵装Ⅱ,地面兵装Ⅲ,000519,中兵红箭,0.8113333333333334,0.552
494,1,国防军工,地面兵装Ⅱ,地面兵装Ⅲ,600435,北方导航,0.7146666666666667,0.8026666666666666
495,1,国防军工,地面兵装Ⅱ,地面兵装Ⅲ,600967,内蒙一机,0.7046666666666667,0.43666666666666665
496,1,国防军工,地面兵装Ⅱ,地面兵装Ⅲ,601606,长城军工,0.564,0.41
497,1,国防军工,地面兵装Ⅱ,地面兵装Ⅲ,300527,中船应急,0.536,0.9013333333333333
498,1,国防军工,地面兵装Ⅱ,地面兵装Ⅲ,600184,光电股份,0.4146666666666667,0.5226666666666666
499,0,国防军工,地面兵装Ⅱ,地面兵装Ⅲ,000576,甘化科工,0.316,0.8306666666666667
500,0,国防军工,地面兵装Ⅱ,地面兵装Ⅲ,300875,捷强装备,0.25133333333333335,0.6326666666666667
501,0,国防军工,地面兵装Ⅱ,地面兵装Ⅲ,301357,北方长龙,0.18,0.7466666666666667
502,0,国防军工,地面兵装Ⅱ,地面兵装Ⅲ,300922,天秦装备,0.148,0.988
503,1,国防军工,航天装备Ⅱ,航天装备Ⅲ,601698,中国卫通,0.9486666666666667,0.7233333333333334
504,1,国防军工,航天装备Ⅱ,航天装备Ⅲ,600118,中国卫星,0.8633333333333333,0.8073333333333333
505,1,国防军工,航天装备Ⅱ,航天装备Ⅲ,600879,航天电子,0.788,0.482
506,0,国防军工,航天装备Ⅱ,航天装备Ⅲ,688523,航天环宇,0.606,0.9986666666666667
507,1,国防军工,航天装备Ⅱ,航天装备Ⅲ,003009,中天火箭,0.496,0.106
508,1,国防军工,航天装备Ⅱ,航天装备Ⅲ,002829,星网宇达,0.43,0.38466666666666666
509,0,国防军工,航天装备Ⅱ,航天装备Ⅲ,300722,新余国科,0.392,0.17466666666666666
510,0,国防军工,航天装备Ⅱ,航天装备Ⅲ,688282,理工导航,0.30333333333333334,0.26866666666666666
511,1,国防军工,航海装备Ⅱ,航海装备Ⅲ,600150,中国船舶,0.974,0.734
512,0,国防军工,航海装备Ⅱ,航海装备Ⅲ,601989,中国重工,0.9613333333333334,0.8893333333333333
513,1,国防军工,航海装备Ⅱ,航海装备Ⅲ,600685,中船防务,0.8966666666666666,0.6253333333333333
514,1,国防军工,航海装备Ⅱ,航海装备Ⅲ,600764,中国海防,0.7506666666666667,0.344
515,1,国防军工,航海装备Ⅱ,航海装备Ⅲ,600072,中船科技,0.7333333333333333,0.9193333333333333
516,1,国防军工,航海装备Ⅱ,航海装备Ⅲ,601890,亚星锚链,0.574,0.394
517,1,国防军工,航海装备Ⅱ,航海装备Ⅲ,300065,海兰信,0.5573333333333333,0.5686666666666667
518,0,国防军工,航海装备Ⅱ,航海装备Ⅲ,300008,天海防务,0.5173333333333333,0.908
519,0,国防军工,航海装备Ⅱ,航海装备Ⅲ,300589,江龙船艇,0.3486666666666667,0.7446666666666667
520,0,国防军工,航海装备Ⅱ,航海装备Ⅲ,300600,国瑞科技,0.152,0.8706666666666667
521,0,国防军工,航海装备Ⅱ,航海装备Ⅲ,300810,中科海讯,0.11333333333333333,0.49533333333333335
522,1,国防军工,航空装备Ⅱ,航空装备Ⅲ,600760,中航沈飞,0.9646666666666667,0.46266666666666667
523,1,国防军工,航空装备Ⅱ,航空装备Ⅲ,600893,航发动力,0.962,0.6613333333333333
524,1,国防军工,航空装备Ⅱ,航空装备Ⅲ,000768,中航西飞,0.9386666666666666,0.7613333333333333
525,1,国防军工,航空装备Ⅱ,航空装备Ⅲ,600372,中航电子,0.938,0.664
526,1,国防军工,航空装备Ⅱ,航空装备Ⅲ,688122,西部超导,0.88,0.5533333333333333
527,1,国防军工,航空装备Ⅱ,航空装备Ⅲ,600765,中航重机,0.8766666666666667,0.6306666666666667
528,0,国防军工,航空装备Ⅱ,航空装备Ⅲ,688297,中无人机,0.8693333333333333,0.53
529,1,国防军工,航空装备Ⅱ,航空装备Ⅲ,600862,中航高科,0.8626666666666667,0.12266666666666666
530,1,国防军工,航空装备Ⅱ,航空装备Ⅲ,002625,光启技术,0.862,0.7193333333333334
531,1,国防军工,航空装备Ⅱ,航空装备Ⅲ,000738,航发控制,0.8486666666666667,0.42133333333333334
532,1,国防军工,航空装备Ⅱ,航空装备Ⅲ,688281,华秦科技,0.8353333333333334,0.32266666666666666
533,1,国防军工,航空装备Ⅱ,航空装备Ⅲ,300699,光威复材,0.8026666666666666,0.9026666666666666
534,1,国防军工,航空装备Ⅱ,航空装备Ⅲ,300395,菲利华,0.7906666666666666,0.3006666666666667
535,1,国防军工,航空装备Ⅱ,航空装备Ⅲ,600038,中直股份,0.7893333333333333,0.604
536,1,国防军工,航空装备Ⅱ,航空装备Ⅲ,300777,中简科技,0.7626666666666667,0.6846666666666666
537,1,国防军工,航空装备Ⅱ,航空装备Ⅲ,002389,航天彩虹,0.762,0.64
538,1,国防军工,航空装备Ⅱ,航空装备Ⅲ,300034,钢研高纳,0.7326666666666667,0.33466666666666667
539,1,国防军工,航空装备Ⅱ,航空装备Ⅲ,300775,三角防务,0.73,0.338
540,1,国防军工,航空装备Ⅱ,航空装备Ⅲ,600316,洪都航空,0.6913333333333334,0.39266666666666666
541,1,国防军工,航空装备Ⅱ,航空装备Ⅲ,002985,北摩高科,0.6633333333333333,0.562
542,1,国防军工,航空装备Ⅱ,航空装备Ⅲ,605123,派克新材,0.6193333333333333,0.424
543,1,国防军工,航空装备Ⅱ,航空装备Ⅲ,688586,江航装备,0.5686666666666667,0.6973333333333334
544,1,国防军工,航空装备Ⅱ,航空装备Ⅲ,688239,航宇科技,0.544,0.5493333333333333
545,1,国防军工,航空装备Ⅱ,航空装备Ⅲ,002651,利君股份,0.48,0.7066666666666667
546,1,国防军工,航空装备Ⅱ,航空装备Ⅲ,600391,航发科技,0.4573333333333333,0.8086666666666666
547,0,国防军工,航空装备Ⅱ,航空装备Ⅲ,300696,爱乐达,0.45066666666666666,0.4093333333333333
548,1,国防军工,航空装备Ⅱ,航空装备Ⅲ,002023,海特高新,0.434,0.49866666666666665
549,1,国防军工,航空装备Ⅱ,航空装备Ⅲ,000561,烽火电子,0.4033333333333333,0.396
550,0,国防军工,航空装备Ⅱ,航空装备Ⅲ,300581,晨曦航空,0.378,0.3546666666666667
551,1,国防军工,航空装备Ⅱ,航空装备Ⅲ,300900,广联航空,0.372,0.40066666666666667
552,0,国防军工,航空装备Ⅱ,航空装备Ⅲ,688510,航亚科技,0.30533333333333335,0.426
553,0,国防军工,航空装备Ⅱ,航空装备Ⅲ,002297,博云新材,0.2793333333333333,0.606
554,0,国防军工,航空装备Ⅱ,航空装备Ⅲ,000697,*ST炼石,0.2693333333333333,0.456
555,0,国防军工,航空装备Ⅱ,航空装备Ⅲ,688287,观典防务,0.2673333333333333,0.722
556,0,国防军工,航空装备Ⅱ,航空装备Ⅲ,688237,超卓航科,0.25266666666666665,0.704
557,0,国防军工,航空装备Ⅱ,航空装备Ⅲ,688070,纵横股份,0.212,0.5473333333333333
558,0,国防军工,航空装备Ⅱ,航空装备Ⅲ,300424,航新科技,0.184,0.06866666666666667
559,0,国防军工,航空装备Ⅱ,航空装备Ⅲ,300719,安达维尔,0.16866666666666666,0.412
560,0,国防军工,航空装备Ⅱ,航空装备Ⅲ,002933,新兴装备,0.16133333333333333,0.5326666666666666
561,0,国防军工,航空装备Ⅱ,航空装备Ⅲ,300965,恒宇信通,0.118,0.42866666666666664
562,0,国防军工,航空装备Ⅱ,航空装备Ⅲ,603261,立航科技,0.102,0.49333333333333335
563,0,国防军工,航空装备Ⅱ,航空装备Ⅲ,688685,迈信林,0.07066666666666667,0.5886666666666667
564,0,国防军工,航空装备Ⅱ,航空装备Ⅲ,837006,晟楠科技,0.03133333333333333,0.0033333333333333335
565,0,国防军工,航空装备Ⅱ,航空装备Ⅲ,871642,通易航天,0.017333333333333333,0.288
566,1,机械设备,自动化设备,其他自动化设备,301029,怡合达,0.814,0.846
567,1,机械设备,自动化设备,其他自动化设备,688686,奥普特,0.738,0.6566666666666666
568,1,机械设备,自动化设备,其他自动化设备,688097,博众精工,0.6013333333333334,0.30866666666666664
569,0,机械设备,自动化设备,其他自动化设备,300757,罗博特科,0.5146666666666667,0.102
570,1,机械设备,自动化设备,其他自动化设备,688003,天准科技,0.5013333333333333,0.956
571,0,机械设备,自动化设备,其他自动化设备,688306,均普智能,0.43066666666666664,0.5373333333333333
572,0,机械设备,自动化设备,其他自动化设备,605186,健麾信息,0.41533333333333333,0.3333333333333333
573,1,机械设备,自动化设备,其他自动化设备,300802,矩子科技,0.4053333333333333,0.31466666666666665
574,0,机械设备,自动化设备,其他自动化设备,301312,智立方,0.382,0.744
575,0,机械设备,自动化设备,其他自动化设备,688623,双元科技,0.37533333333333335,0.04533333333333334
576,0,机械设备,自动化设备,其他自动化设备,001223,欧克科技,0.344,0.2653333333333333
577,1,机械设备,自动化设备,其他自动化设备,603960,克来机电,0.276,0.592
578,0,机械设备,自动化设备,其他自动化设备,688125,安达智能,0.24333333333333335,0.44
579,0,机械设备,自动化设备,其他自动化设备,688310,迈得医疗,0.226,0.5146666666666667
580,0,机械设备,自动化设备,其他自动化设备,300400,劲拓股份,0.21666666666666667,0.226
581,1,机械设备,自动化设备,其他自动化设备,300486,东杰智能,0.20666666666666667,0.3253333333333333
582,0,机械设备,自动化设备,其他自动化设备,300461,田中精机,0.16466666666666666,0.7513333333333333
583,0,机械设备,自动化设备,其他自动化设备,688455,科捷智能,0.10466666666666667,0.2673333333333333
584,0,机械设备,自动化设备,其他自动化设备,688329,艾隆科技,0.098,0.30666666666666664
585,0,机械设备,自动化设备,其他自动化设备,300097,智云股份,0.05333333333333334,0.18466666666666667
586,0,机械设备,自动化设备,其他自动化设备,688215,瑞晟智能,0.04133333333333333,0.4593333333333333
587,0,机械设备,自动化设备,其他自动化设备,871396,常辅股份,0.004,0.24266666666666667
588,1,机械设备,自动化设备,工控设备,300124,汇川技术,0.9786666666666667,0.434
589,1,机械设备,自动化设备,工控设备,688777,中控技术,0.922,0.382
590,1,机械设备,自动化设备,工控设备,603025,大豪科技,0.6546666666666666,0.752
591,0,机械设备,自动化设备,工控设备,688570,天玛智控,0.63,0.998
592,1,机械设备,自动化设备,工控设备,300083,创世纪,0.6153333333333333,0.5933333333333334
593,1,机械设备,自动化设备,工控设备,002334,英威腾,0.5613333333333334,0.2713333333333333
594,1,机械设备,自动化设备,工控设备,603283,赛腾股份,0.49533333333333335,0.928
595,1,机械设备,自动化设备,工控设备,002957,科瑞技术,0.482,0.5266666666666666
596,1,机械设备,自动化设备,工控设备,603203,快克智能,0.4693333333333333,0.14933333333333335
597,1,机械设备,自动化设备,工控设备,603583,捷昌驱动,0.4666666666666667,0.9226666666666666
598,0,机械设备,自动化设备,工控设备,300048,合康新能,0.4013333333333333,0.5106666666666667
599,0,机械设备,自动化设备,工控设备,300278,华昌达,0.38666666666666666,0.020666666666666667
600,1,机械设备,自动化设备,工控设备,002975,博杰股份,0.35533333333333333,0.16733333333333333
601,1,机械设备,自动化设备,工控设备,688320,禾川科技,0.3473333333333333,0.5573333333333333
602,0,机械设备,自动化设备,工控设备,688698,伟创电气,0.3433333333333333,0.4493333333333333
603,1,机械设备,自动化设备,工控设备,002184,海得控制,0.32666666666666666,0.31266666666666665
604,0,机械设备,自动化设备,工控设备,301320,豪江智能,0.31733333333333336,1.0
605,0,机械设备,自动化设备,工控设备,688160,步科股份,0.222,0.702
606,1,机械设备,自动化设备,工控设备,603015,弘讯科技,0.19066666666666668,0.7826666666666666
607,0,机械设备,自动化设备,工控设备,001266,宏英智能,0.13466666666666666,0.6966666666666667
608,0,机械设备,自动化设备,工控设备,300484,蓝海华腾,0.12666666666666668,0.872
609,1,机械设备,自动化设备,工控设备,605288,凯迪股份,0.11933333333333333,0.8506666666666667
610,0,机械设备,自动化设备,工控设备,688395,正弦电气,0.068,0.8133333333333334
611,0,机械设备,自动化设备,工控设备,831305,海希通讯,0.032,0.29933333333333334
612,0,机械设备,自动化设备,工控设备,832885,星辰科技,0.02666666666666667,0.04133333333333333
613,0,机械设备,自动化设备,工控设备,430425,乐创技术,0.006666666666666667,0.088
614,0,机械设备,自动化设备,机器人,688017,绿的谐波,0.7946666666666666,0.23
615,1,机械设备,自动化设备,机器人,300024,机器人,0.7933333333333333,0.16533333333333333
616,1,机械设备,自动化设备,机器人,002747,埃斯顿,0.7693333333333333,0.748
617,1,机械设备,自动化设备,机器人,002698,博实股份,0.6926666666666667,0.19333333333333333
618,1,机械设备,自动化设备,机器人,603666,亿嘉和,0.492,0.618
619,0,机械设备,自动化设备,机器人,688290,景业智能,0.44,0.20066666666666666
620,1,机械设备,自动化设备,机器人,002979,雷赛智能,0.4046666666666667,0.29733333333333334
621,1,机械设备,自动化设备,机器人,300607,拓斯达,0.35133333333333333,0.4886666666666667
622,1,机械设备,自动化设备,机器人,002527,新时达,0.3466666666666667,0.332
623,0,机械设备,自动化设备,机器人,300276,三丰智能,0.3426666666666667,0.03133333333333333
624,1,机械设备,自动化设备,机器人,688165,埃夫特-U,0.326,0.554
625,1,机械设备,自动化设备,机器人,603416,信捷电气,0.32466666666666666,0.466
626,0,机械设备,自动化设备,机器人,873593,鼎智科技,0.29,0.004
627,0,机械设备,自动化设备,机器人,301112,信邦智能,0.23,0.05
628,0,机械设备,自动化设备,机器人,301199,迈赫股份,0.224,0.008
629,0,机械设备,自动化设备,机器人,000584,ST工智,0.194,0.3313333333333333
630,1,机械设备,自动化设备,机器人,600215,派斯林,0.17666666666666667,0.792
631,0,机械设备,自动化设备,机器人,688255,凯尔达,0.176,0.454
632,0,机械设备,自动化设备,机器人,688090,瑞松科技,0.07866666666666666,0.496
633,0,机械设备,自动化设备,机器人,688218,江苏北人,0.06866666666666667,0.32
634,0,机械设备,自动化设备,机器人,871478,巨能股份,0.038,0.0013333333333333333
635,1,机械设备,自动化设备,激光设备,000988,华工科技,0.8806666666666667,0.078
636,1,机械设备,自动化设备,激光设备,002008,大族激光,0.8273333333333334,0.9106666666666666
637,1,机械设备,自动化设备,激光设备,300747,锐科激光,0.7013333333333334,0.9093333333333333
638,1,机械设备,自动化设备,激光设备,688559,海目星,0.5273333333333333,0.6086666666666667
639,1,机械设备,自动化设备,激光设备,688518,联赢激光,0.5093333333333333,0.438
640,1,机械设备,自动化设备,激光设备,688025,杰普特,0.40066666666666667,0.9613333333333334
641,0,机械设备,自动化设备,激光设备,688170,德龙激光,0.296,0.9553333333333334
642,1,机械设备,自动化设备,激光设备,300227,光韵达,0.23133333333333334,0.62
643,0,机械设备,自动化设备,激光设备,301021,英诺激光,0.23066666666666666,0.7993333333333333
644,0,机械设备,自动化设备,激光设备,300489,光智科技,0.08466666666666667,0.48133333333333334
645,1,汽车,乘用车,电动乘用车,002594,比亚迪,0.9973333333333333,0.524
646,0,汽车,乘用车,电动乘用车,600733,北汽蓝谷,0.8553333333333333,0.838
647,1,汽车,乘用车,综合乘用车,601633,长城汽车,0.9866666666666667,0.9173333333333333
648,1,汽车,乘用车,综合乘用车,600104,上汽集团,0.9793333333333333,0.624
649,1,汽车,乘用车,综合乘用车,000625,长安汽车,0.972,0.9666666666666667
650,1,汽车,乘用车,综合乘用车,601238,广汽集团,0.9653333333333334,0.6106666666666667
651,1,汽车,乘用车,综合乘用车,601127,赛力斯,0.91,0.9713333333333334
652,0,汽车,乘用车,综合乘用车,000572,海马汽车,0.454,0.7253333333333334
653,1,汽车,摩托车及其他,其他运输设备,603529,爱玛科技,0.84,0.38866666666666666
654,1,汽车,摩托车及其他,其他运输设备,689009,九号公司-WD,0.8333333333333334,0.934
655,0,汽车,摩托车及其他,其他运输设备,600818,中路股份,0.4633333333333333,0.39
656,0,汽车,摩托车及其他,其他运输设备,301322,绿通科技,0.42733333333333334,0.252
657,1,汽车,摩托车及其他,其他运输设备,600679,上海凤凰,0.37933333333333336,0.31333333333333335
658,0,汽车,摩托车及其他,其他运输设备,300994,久祺股份,0.19533333333333333,0.5833333333333334
659,0,汽车,摩托车及其他,其他运输设备,002105,信隆健康,0.07333333333333333,0.5113333333333333
660,0,汽车,摩托车及其他,其他运输设备,600099,林海股份,0.064,0.5553333333333333
661,1,汽车,摩托车及其他,摩托车,603129,春风动力,0.8033333333333333,0.49933333333333335
662,0,汽车,摩托车及其他,摩托车,601777,力帆科技,0.7033333333333334,0.7733333333333333
663,0,汽车,摩托车及其他,摩托车,603766,隆鑫通用,0.584,0.508
664,1,汽车,摩托车及其他,摩托车,000913,钱江摩托,0.5653333333333334,0.18733333333333332
665,0,汽车,摩托车及其他,摩托车,301345,涛涛车业,0.3526666666666667,0.336
666,1,汽车,摩托车及其他,摩托车,603787,新日股份,0.22133333333333333,0.31733333333333336
667,1,汽车,摩托车及其他,摩托车,603776,永安行,0.168,0.49
668,0,汽车,摩托车及其他,摩托车,003033,征和工业,0.108,0.2906666666666667
669,1,电力设备,光伏设备,光伏加工设备,300316,晶盛机电,0.9526666666666667,0.356
670,1,电力设备,光伏设备,光伏加工设备,300751,迈为股份,0.8953333333333333,0.41733333333333333
671,1,电力设备,光伏设备,光伏加工设备,300724,捷佳伟创,0.86,0.4806666666666667
672,1,电力设备,光伏设备,光伏加工设备,603185,弘元绿能,0.848,0.65
673,1,电力设备,光伏设备,光伏加工设备,688516,奥特维,0.8313333333333334,0.3433333333333333
674,0,电力设备,光伏设备,光伏加工设备,688147,微导纳米,0.796,0.14066666666666666
675,1,电力设备,光伏设备,光伏加工设备,300776,帝尔激光,0.712,0.094
676,1,电力设备,光伏设备,光伏加工设备,688556,高测股份,0.6573333333333333,0.6526666666666666
677,1,电力设备,光伏设备,光伏加工设备,835368,连城数控,0.626,0.30333333333333334
678,1,电力设备,光伏设备,光伏加工设备,000821,京山轻机,0.6093333333333333,0.4706666666666667
679,1,电力设备,光伏设备,光伏加工设备,603396,金辰股份,0.44133333333333336,0.832
680,0,电力设备,光伏设备,光伏加工设备,836414,欧普泰,0.013333333333333334,0.154
681,1,电力设备,光伏设备,光伏电池组件,601012,隆基绿能,0.9873333333333333,0.8473333333333334
682,1,电力设备,光伏设备,光伏电池组件,002459,晶澳科技,0.9753333333333334,0.494
683,1,电力设备,光伏设备,光伏电池组件,688223,晶科能源,0.9746666666666667,0.712
684,1,电力设备,光伏设备,光伏电池组件,688599,天合光能,0.9546666666666667,0.772
685,0,电力设备,光伏设备,光伏电池组件,688472,阿特斯,0.9273333333333333,0.0006666666666666666
686,1,电力设备,光伏设备,光伏电池组件,600732,爱旭股份,0.9246666666666666,0.124
687,1,电力设备,光伏设备,光伏电池组件,300118,东方日升,0.8286666666666667,0.5306666666666666
688,1,电力设备,光伏设备,光伏电池组件,002865,钧达股份,0.8193333333333334,0.18066666666666667
689,0,电力设备,光伏设备,光伏电池组件,002506,协鑫集成,0.7193333333333334,0.4186666666666667
690,1,电力设备,光伏设备,光伏电池组件,300393,中来股份,0.6766666666666666,0.43
691,1,电力设备,光伏设备,光伏电池组件,600151,航天机电,0.6166666666666667,0.6233333333333333
692,1,电力设备,光伏设备,光伏电池组件,600537,亿晶光电,0.5206666666666667,0.5206666666666667
693,0,电力设备,光伏设备,光伏电池组件,835985,海泰新能,0.06466666666666666,0.043333333333333335
694,0,电力设备,光伏设备,光伏电池组件,834770,艾能聚,0.016666666666666666,0.31133333333333335
695,1,电力设备,光伏设备,逆变器,300274,阳光电源,0.978,0.36333333333333334
696,1,电力设备,光伏设备,逆变器,300763,锦浪科技,0.8906666666666667,0.5333333333333333
697,1,电力设备,光伏设备,逆变器,688032,禾迈股份,0.8413333333333334,0.23933333333333334
698,1,电力设备,光伏设备,逆变器,688390,固德威,0.8226666666666667,0.258
699,0,电力设备,光伏设备,逆变器,688348,昱能科技,0.742,0.8553333333333333
700,1,电力设备,光伏设备,逆变器,300827,上能电气,0.6113333333333333,0.3893333333333333
701,1,电力设备,其他电源设备Ⅱ,其他电源设备Ⅲ,600482,中国动力,0.896,0.688
702,1,电力设备,其他电源设备Ⅱ,其他电源设备Ⅲ,002518,科士达,0.7913333333333333,0.6866666666666666
703,1,电力设备,其他电源设备Ⅱ,其他电源设备Ⅲ,002335,科华数据,0.728,0.55
704,1,电力设备,其他电源设备Ⅱ,其他电源设备Ⅲ,300376,易事特,0.7173333333333334,0.924
705,1,电力设备,其他电源设备Ⅱ,其他电源设备Ⅲ,002851,麦格米特,0.6853333333333333,0.7273333333333334
706,1,电力设备,其他电源设备Ⅱ,其他电源设备Ⅲ,300820,英杰电气,0.6793333333333333,0.22333333333333333
707,0,电力设备,其他电源设备Ⅱ,其他电源设备Ⅲ,002366,融发核电,0.6746666666666666,0.11066666666666666
708,1,电力设备,其他电源设备Ⅱ,其他电源设备Ⅲ,300693,盛弘股份,0.618,0.7973333333333333
709,1,电力设备,其他电源设备Ⅱ,其他电源设备Ⅲ,300593,新雷能,0.5746666666666667,0.5026666666666667
710,0,电力设备,其他电源设备Ⅱ,其他电源设备Ⅲ,002665,首航高科,0.5706666666666667,0.6953333333333334
711,1,电力设备,其他电源设备Ⅱ,其他电源设备Ⅲ,300870,欧陆通,0.416,0.594
712,1,电力设备,其他电源设备Ⅱ,其他电源设备Ⅲ,300491,通合科技,0.36466666666666664,0.9893333333333333
713,0,电力设备,其他电源设备Ⅱ,其他电源设备Ⅲ,688551,科威尔,0.318,0.16866666666666666
714,1,电力设备,其他电源设备Ⅱ,其他电源设备Ⅲ,002364,中恒电气,0.2986666666666667,0.8593333333333333
715,0,电力设备,其他电源设备Ⅱ,其他电源设备Ⅲ,300713,英可瑞,0.24866666666666667,0.9693333333333334
716,0,电力设备,其他电源设备Ⅱ,其他电源设备Ⅲ,002227,奥特迅,0.204,0.9353333333333333
717,0,电力设备,其他电源设备Ⅱ,其他电源设备Ⅲ,301157,华塑科技,0.19733333333333333,0.5606666666666666
718,0,电力设备,其他电源设备Ⅱ,其他电源设备Ⅲ,600405,动力源,0.16533333333333333,0.842
719,0,电力设备,其他电源设备Ⅱ,其他电源设备Ⅲ,300153,科泰电源,0.116,0.536
720,0,电力设备,其他电源设备Ⅱ,其他电源设备Ⅲ,832110,雷特科技,0.009333333333333334,0.08533333333333333
721,1,电力设备,电机Ⅱ,电机Ⅲ,603728,鸣志电器,0.794,0.12733333333333333
722,1,电力设备,电机Ⅱ,电机Ⅲ,600580,卧龙电驱,0.698,0.766
723,0,电力设备,电机Ⅱ,电机Ⅲ,002249,大洋电机,0.6486666666666666,0.5806666666666667
724,1,电力设备,电机Ⅱ,电机Ⅲ,003021,兆威机电,0.646,0.014666666666666666
725,1,电力设备,电机Ⅱ,电机Ⅲ,603489,八方股份,0.5553333333333333,0.8673333333333333
726,1,电力设备,电机Ⅱ,电机Ⅲ,300660,江苏雷利,0.5213333333333333,0.6726666666666666
727,1,电力设备,电机Ⅱ,电机Ⅲ,000922,佳电股份,0.4886666666666667,0.5766666666666667
728,1,电力设备,电机Ⅱ,电机Ⅲ,002801,微光股份,0.35,0.5946666666666667
729,1,电力设备,电机Ⅱ,电机Ⅲ,002892,科力尔,0.314,0.37933333333333336
730,1,电力设备,电机Ⅱ,电机Ⅲ,002196,方正电机,0.188,0.724
731,0,电力设备,电机Ⅱ,电机Ⅲ,603819,神力股份,0.17066666666666666,0.156
732,1,电力设备,电机Ⅱ,电机Ⅲ,002823,凯中精密,0.14533333333333334,0.686
733,1,电力设备,电机Ⅱ,电机Ⅲ,002576,通达动力,0.11866666666666667,0.8
734,0,电力设备,电机Ⅱ,电机Ⅲ,301226,祥明智能,0.11,0.972
735,0,电力设备,电机Ⅱ,电机Ⅲ,603988,中电电机,0.086,0.7333333333333333
736,0,电力设备,电机Ⅱ,电机Ⅲ,301023,江南奕帆,0.08133333333333333,0.5626666666666666
737,0,电力设备,电机Ⅱ,电机Ⅲ,300907,康平科技,0.06266666666666666,0.49733333333333335
738,0,电力设备,电机Ⅱ,电机Ⅲ,603320,迪贝电气,0.051333333333333335,0.3233333333333333
739,0,电力设备,电机Ⅱ,电机Ⅲ,300626,华瑞股份,0.04533333333333334,0.676
740,1,电力设备,电池,燃料电池,688339,亿华通-U,0.5533333333333333,0.47533333333333333
741,1,电力设备,电池,蓄电池及其他电池,688819,天能股份,0.8706666666666667,0.492
742,1,电力设备,电池,蓄电池及其他电池,300068,南都电源,0.706,0.7186666666666667
743,1,电力设备,电池,蓄电池及其他电池,601311,骆驼股份,0.5926666666666667,0.5033333333333333
744,1,电力设备,电池,蓄电池及其他电池,002733,雄韬股份,0.41,0.7746666666666666
745,1,电力设备,电池,蓄电池及其他电池,002580,圣阳股份,0.254,0.696
746,0,电力设备,电池,蓄电池及其他电池,605378,野马电池,0.14933333333333335,0.32466666666666666
747,0,电力设备,电池,蓄电池及其他电池,301222,浙江恒威,0.14466666666666667,0.6173333333333333
748,0,电力设备,电池,蓄电池及其他电池,600847,万里股份,0.054,0.45866666666666667
749,1,电力设备,电池,锂电专用设备,300450,先导智能,0.92,0.8166666666666667
750,1,电力设备,电池,锂电专用设备,688006,杭可科技,0.7453333333333333,0.954
751,0,电力设备,电池,锂电专用设备,301325,曼恩斯特,0.634,0.38666666666666666
752,1,电力设备,电池,锂电专用设备,300457,赢合科技,0.6066666666666667,0.8173333333333334
753,0,电力设备,电池,锂电专用设备,688392,骄成超声,0.586,0.05266666666666667
754,1,电力设备,电池,锂电专用设备,688499,利元亨,0.49066666666666664,0.5233333333333333
755,0,电力设备,电池,锂电专用设备,300619,金银河,0.358,0.21
756,1,电力设备,电池,锂电专用设备,300648,星云股份,0.30866666666666664,0.8733333333333333
757,1,电力设备,电池,锂电专用设备,688155,先惠技术,0.24533333333333332,0.5126666666666667
758,0,电力设备,电池,锂电专用设备,300173,福能东方,0.17733333333333334,0.5513333333333333
759,0,电力设备,电池,锂电专用设备,300410,正业科技,0.14266666666666666,0.7913333333333333
760,0,电力设备,电池,锂电专用设备,831152,昆工科技,0.12533333333333332,0.13533333333333333
761,0,电力设备,电池,锂电专用设备,830779,武汉蓝电,0.04066666666666666,0.926
762,1,电力设备,电池,锂电池,300750,宁德时代,0.9986666666666667,0.8006666666666666
763,1,电力设备,电池,锂电池,300014,亿纬锂能,0.9693333333333334,0.746
764,1,电力设备,电池,锂电池,002074,国轩高科,0.9146666666666666,0.8653333333333333
765,1,电力设备,电池,锂电池,688063,派能科技,0.872,0.6633333333333333
766,1,电力设备,电池,锂电池,300207,欣旺达,0.8493333333333334,0.8766666666666667
767,1,电力设备,电池,锂电池,002850,科达利,0.8386666666666667,0.7633333333333333
768,1,电力设备,电池,锂电池,688567,孚能科技,0.8346666666666667,0.79
769,1,电力设备,电池,锂电池,688772,珠海冠宇,0.7873333333333333,0.7
770,1,电力设备,电池,锂电池,300438,鹏辉能源,0.7786666666666666,0.6813333333333333
771,1,电力设备,电池,锂电池,600110,诺德股份,0.6306666666666667,0.694
772,1,电力设备,电池,锂电池,002245,蔚蓝锂芯,0.6233333333333333,0.9473333333333334
773,1,电力设备,电池,锂电池,600478,科力远,0.6186666666666667,0.8426666666666667
774,1,电力设备,电池,锂电池,688388,嘉元科技,0.608,0.9573333333333334
775,1,电力设备,电池,锂电池,000049,德赛电池,0.5873333333333334,0.6893333333333334
776,0,电力设备,电池,锂电池,301327,华宝新能,0.5726666666666667,0.874
777,1,电力设备,电池,锂电池,300953,震裕科技,0.4673333333333333,0.7293333333333333
778,0,电力设备,电池,锂电池,300116,保力新,0.412,0.944
779,1,电力设备,电池,锂电池,301150,中一科技,0.38333333333333336,0.7286666666666667
780,1,电力设备,电池,锂电池,600152,维科技术,0.298,0.6133333333333333
781,0,电力设备,电池,锂电池,001283,豪鹏科技,0.25066666666666665,0.8346666666666667
782,0,电力设备,电池,锂电池,301121,紫建电子,0.214,0.9953333333333333
783,0,电力设备,电池,锂电池,688345,博力威,0.202,0.816
784,1,电力设备,电池,锂电池,600241,时代万恒,0.09133333333333334,0.232
785,0,电力设备,电池,锂电池,836239,长虹能源,0.06666666666666667,0.8093333333333333
786,0,电力设备,电池,锂电池,833914,远航精密,0.025333333333333333,0.17
787,0,电力设备,电池,锂电池,833523,德瑞锂电,0.02266666666666667,0.4686666666666667
788,0,电力设备,电池,锂电池,873152,天宏锂电,0.021333333333333333,0.9686666666666667
789,0,电力设备,电池,锂电池,835237,力佳科技,0.014,0.13466666666666666
790,1,电子,半导体,分立器件,600745,闻泰科技,0.9373333333333334,0.942
791,1,电子,半导体,分立器件,600460,士兰微,0.9073333333333333,0.8253333333333334
792,1,电子,半导体,分立器件,603290,斯达半导,0.884,0.9166666666666666
793,0,电子,半导体,分立器件,688172,燕东微,0.828,0.73
794,1,电子,半导体,分立器件,300373,扬杰科技,0.7966666666666666,0.8846666666666667
795,0,电子,半导体,分立器件,688498,源杰科技,0.7726666666666666,0.886
796,0,电子,半导体,分立器件,688048,长光华芯,0.6986666666666667,0.43333333333333335
797,1,电子,半导体,分立器件,605111,新洁能,0.6586666666666666,0.804
798,1,电子,半导体,分立器件,300623,捷捷微电,0.658,0.4786666666666667
799,1,电子,半导体,分立器件,688261,东微半导,0.6373333333333333,0.9326666666666666
800,0,电子,半导体,分立器件,688167,炬光科技,0.5766666666666667,0.736
801,1,电子,半导体,分立器件,002079,苏州固锝,0.57,0.6246666666666667
802,1,电子,半导体,分立器件,688711,宏微科技,0.5526666666666666,0.8246666666666667
803,1,电子,半导体,分立器件,600360,华微电子,0.448,0.518
804,0,电子,半导体,分立器件,688230,芯导科技,0.3506666666666667,0.6026666666666667
805,0,电子,半导体,分立器件,300831,派瑞股份,0.2806666666666667,0.848
806,0,电子,半导体,分立器件,300046,台基股份,0.2633333333333333,0.35
807,0,电子,半导体,分立器件,688689,银河微电,0.186,0.6606666666666666
808,1,电子,半导体,半导体材料,688126,沪硅产业,0.934,0.31
809,1,电子,半导体,半导体材料,002409,雅克科技,0.874,0.54
810,0,电子,半导体,半导体材料,688234,天岳先进,0.864,0.9406666666666667
811,1,电子,半导体,半导体材料,605358,立昂微,0.824,0.9153333333333333
812,0,电子,半导体,半导体材料,688146,中船特气,0.7986666666666666,0.9373333333333334
813,0,电子,半导体,半导体材料,688432,有研硅,0.758,0.81
814,1,电子,半导体,半导体材料,300666,江丰电子,0.7546666666666667,0.9413333333333334
815,1,电子,半导体,半导体材料,600206,有研新材,0.6046666666666667,0.574
816,0,电子,半导体,半导体材料,688661,和林微纳,0.49933333333333335,0.7573333333333333
817,0,电子,半导体,半导体材料,688401,路维光电,0.43666666666666665,0.94
818,1,电子,半导体,半导体材料,688138,清溢光电,0.39066666666666666,0.808
819,0,电子,半导体,半导体材料,688233,神工股份,0.37066666666666664,0.786
820,0,电子,半导体,半导体材料,688535,华海诚科,0.3566666666666667,0.06733333333333333
821,1,电子,半导体,半导体材料,002119,康强电子,0.32866666666666666,0.6626666666666666
822,0,电子,半导体,半导体材料,003026,中晶科技,0.25866666666666666,0.48
823,0,电子,半导体,半导体材料,300706,阿石创,0.22466666666666665,0.57
824,0,电子,半导体,半导体材料,835179,凯德石英,0.04666666666666667,0.362
825,1,电子,半导体,半导体设备,002371,北方华创,0.98,0.36666666666666664
826,1,电子,半导体,半导体设备,688012,中微公司,0.9606666666666667,0.8613333333333333
827,1,电子,半导体,半导体设备,688082,盛美上海,0.9313333333333333,0.836
828,1,电子,半导体,半导体设备,688072,拓荆科技,0.928,0.976
829,0,电子,半导体,半导体设备,688120,华海清科,0.878,0.578
830,1,电子,半导体,半导体设备,300604,长川科技,0.8513333333333334,0.6453333333333333
831,0,电子,半导体,半导体设备,688361,中科飞测-U,0.8266666666666667,0.011333333333333334
832,1,电子,半导体,半导体设备,688037,芯源微,0.826,0.7373333333333333
833,0,电子,半导体,半导体设备,688409,富创精密,0.812,0.884
834,1,电子,半导体,半导体设备,688200,华峰测控,0.7853333333333333,0.66
835,1,电子,半导体,半导体设备,603690,至纯科技,0.636,0.566
836,0,电子,半导体,半导体设备,301297,富乐德,0.5153333333333333,0.4066666666666667
837,0,电子,半导体,半导体设备,603061,金海通,0.5026666666666667,0.20933333333333334
838,0,电子,半导体,半导体设备,688478,晶升股份,0.4593333333333333,0.026
839,0,电子,半导体,半导体设备,301369,联动科技,0.4,0.208
840,0,电子,半导体,半导体设备,003043,华亚智能,0.2733333333333333,0.59
841,0,电子,半导体,半导体设备,688419,耐科装备,0.2,0.69
842,0,电子,半导体,数字芯片设计,688041,海光信息,0.984,0.7326666666666667
843,1,电子,半导体,数字芯片设计,603501,韦尔股份,0.97,0.74
844,1,电子,半导体,数字芯片设计,688256,寒武纪-U,0.96,0.6766666666666666
845,1,电子,半导体,数字芯片设计,603986,兆易创新,0.9466666666666667,0.968
846,1,电子,半导体,数字芯片设计,002049,紫光国微,0.946,0.978
847,1,电子,半导体,数字芯片设计,688008,澜起科技,0.9433333333333334,0.5666666666666667
848,0,电子,半导体,数字芯片设计,688047,龙芯中科,0.9326666666666666,0.4206666666666667
849,0,电子,半导体,数字芯片设计,301308,江波龙,0.9166666666666666,0.23266666666666666
850,1,电子,半导体,数字芯片设计,300223,北京君正,0.9133333333333333,0.9653333333333334
851,1,电子,半导体,数字芯片设计,688521,芯原股份,0.9126666666666666,0.818
852,1,电子,半导体,数字芯片设计,688385,复旦微电,0.912,0.778
853,0,电子,半导体,数字芯片设计,688525,佰维存储,0.904,0.868
854,1,电子,半导体,数字芯片设计,688728,格科微,0.902,0.6806666666666666
855,1,电子,半导体,数字芯片设计,688099,晶晨股份,0.8933333333333333,0.458
856,1,电子,半导体,数字芯片设计,603893,瑞芯微,0.8726666666666667,0.638
857,1,电子,半导体,数字芯片设计,688107,安路科技,0.8,0.8013333333333333
858,1,电子,半导体,数字芯片设计,688213,思特威-W,0.798,0.898
859,1,电子,半导体,数字芯片设计,300672,国科微,0.778,0.7393333333333333
860,1,电子,半导体,数字芯片设计,300458,全志科技,0.7566666666666667,0.6153333333333333
861,1,电子,半导体,数字芯片设计,688110,东芯股份,0.716,0.5693333333333334
862,1,电子,半导体,数字芯片设计,688608,恒玄科技,0.7053333333333334,0.238
863,1,电子,半导体,数字芯片设计,688262,国芯科技,0.702,0.8773333333333333
864,1,电子,半导体,数字芯片设计,300613,富瀚微,0.6806666666666666,0.726
865,1,电子,半导体,数字芯片设计,688018,乐鑫科技,0.6353333333333333,0.7486666666666667
866,0,电子,半导体,数字芯片设计,688380,中微半导,0.6333333333333333,0.6713333333333333
867,0,电子,半导体,数字芯片设计,688332,中科蓝讯,0.5806666666666667,0.45666666666666667
868,1,电子,半导体,数字芯片设计,300327,中颖电子,0.5733333333333334,0.882
869,0,电子,半导体,数字芯片设计,688593,新相微,0.568,0.9946666666666667
870,1,电子,半导体,数字芯片设计,688123,聚辰股份,0.556,0.8993333333333333
871,0,电子,半导体,数字芯片设计,688252,天德钰,0.554,0.8446666666666667
872,0,电子,半导体,数字芯片设计,688279,峰岹科技,0.552,0.876
873,1,电子,半导体,数字芯片设计,688766,普冉股份,0.546,0.9186666666666666
874,1,电子,半导体,数字芯片设计,300077,国民技术,0.528,0.576
875,0,电子,半导体,数字芯片设计,688486,龙迅股份,0.4653333333333333,0.22
876,0,电子,半导体,数字芯片设计,688416,恒烁股份,0.442,0.36466666666666664
877,1,电子,半导体,数字芯片设计,688259,创耀科技,0.364,0.9386666666666666
878,0,电子,半导体,数字芯片设计,688595,芯海科技,0.32266666666666666,0.8333333333333334
879,0,电子,半导体,数字芯片设计,688049,炬芯科技,0.322,0.46066666666666667
880,0,电子,半导体,数字芯片设计,688589,力合微,0.2833333333333333,0.802
881,1,电子,半导体,模拟芯片设计,300782,卓胜微,0.9333333333333333,0.8493333333333334
882,1,电子,半导体,模拟芯片设计,300661,圣邦股份,0.8926666666666667,0.916
883,1,电子,半导体,模拟芯片设计,688220,翱捷科技-U,0.876,0.04666666666666667
884,1,电子,半导体,模拟芯片设计,688153,唯捷创芯,0.8586666666666667,0.938
885,1,电子,半导体,模拟芯片设计,688536,思瑞浦,0.8473333333333334,0.8933333333333333
886,1,电子,半导体,模拟芯片设计,688052,纳芯微,0.8046666666666666,0.48533333333333334
887,1,电子,半导体,模拟芯片设计,603160,汇顶科技,0.8013333333333333,0.7946666666666666
888,0,电子,半导体,模拟芯片设计,688484,南芯科技,0.7513333333333333,0.858
889,0,电子,半导体,模拟芯片设计,688141,杰华特,0.7446666666666667,0.36733333333333335
890,1,电子,半导体,模拟芯片设计,600877,电科芯片,0.7246666666666667,0.71
891,1,电子,半导体,模拟芯片设计,688798,艾为电子,0.6893333333333334,0.906
892,1,电子,半导体,模拟芯片设计,600171,上海贝岭,0.6473333333333333,0.8806666666666667
893,0,电子,半导体,模拟芯片设计,688515,裕太微-U,0.638,0.698
894,0,电子,半导体,模拟芯片设计,688512,慧智微-U,0.6026666666666667,0.19866666666666666
895,0,电子,半导体,模拟芯片设计,688173,希荻微,0.576,0.9606666666666667
896,1,电子,半导体,模拟芯片设计,300671,富满微,0.5713333333333334,0.756
897,0,电子,半导体,模拟芯片设计,688270,臻镭科技,0.566,0.3973333333333333
898,0,电子,半导体,模拟芯片设计,688381,帝奥微,0.5246666666666666,0.866
899,1,电子,半导体,模拟芯片设计,688368,晶丰明源,0.5166666666666667,0.7526666666666667
900,0,电子,半导体,模拟芯片设计,688458,美芯晟,0.48133333333333334,0.9873333333333333
901,1,电子,半导体,模拟芯片设计,688209,英集芯,0.4766666666666667,0.6933333333333334
902,1,电子,半导体,模拟芯片设计,688508,芯朋微,0.46066666666666667,0.7406666666666667
903,1,电子,半导体,模拟芯片设计,688601,力芯微,0.45466666666666666,0.8713333333333333
904,1,电子,半导体,模拟芯片设计,688699,明微电子,0.408,0.5793333333333334
905,0,电子,半导体,模拟芯片设计,688061,灿瑞科技,0.38533333333333336,0.7533333333333333
906,0,电子,半导体,模拟芯片设计,688391,钜泉科技,0.384,0.834
907,1,电子,半导体,模拟芯片设计,603068,博通集成,0.2906666666666667,0.628
908,0,电子,半导体,模拟芯片设计,688045,必易微,0.25933333333333336,0.658
909,0,电子,半导体,模拟芯片设计,688325,赛微微电,0.18533333333333332,0.6513333333333333
910,0,电子,半导体,模拟芯片设计,688130,晶华微,0.146,0.7893333333333333
911,0,电子,半导体,模拟芯片设计,688286,敏芯股份,0.136,0.6493333333333333
912,1,电子,半导体,集成电路制造,688981,中芯国际,0.996,0.8826666666666667
913,1,电子,半导体,集成电路制造,688396,华润微,0.9426666666666667,0.324
914,0,电子,半导体,集成电路制造,688469,中芯集成-U,0.9013333333333333,0.04066666666666666
915,0,电子,半导体,集成电路制造,688249,晶合集成,0.8946666666666667,0.4713333333333333
916,1,电子,半导体,集成电路制造,300456,赛微电子,0.722,0.96
917,1,电子,半导体,集成电路封测,600584,长电科技,0.9346666666666666,0.3933333333333333
918,1,电子,半导体,集成电路封测,002156,通富微电,0.9006666666666666,0.436
919,1,电子,半导体,集成电路封测,002185,华天科技,0.8566666666666667,0.6333333333333333
920,0,电子,半导体,集成电路封测,688352,颀中科技,0.746,0.9706666666666667
921,0,电子,半导体,集成电路封测,688362,甬矽电子,0.6973333333333334,0.8286666666666667
922,1,电子,半导体,集成电路封测,603005,晶方科技,0.664,0.402
923,0,电子,半导体,集成电路封测,688372,伟测科技,0.6413333333333333,0.9846666666666667
924,0,电子,半导体,集成电路封测,688403,汇成股份,0.5953333333333334,0.86
925,0,电子,半导体,集成电路封测,002077,大港股份,0.5486666666666666,0.52
926,0,电子,半导体,集成电路封测,688135,利扬芯片,0.2826666666666667,0.7686666666666667
927,0,电子,半导体,集成电路封测,430139,华岭股份,0.13666666666666666,0.25866666666666666
928,0,电子,半导体,集成电路封测,688216,气派科技,0.12733333333333333,0.9
929,1,电子,消费电子,品牌消费电子,688036,传音控股,0.9626666666666667,0.9673333333333334
930,1,电子,消费电子,品牌消费电子,002841,视源股份,0.916,0.962
931,1,电子,消费电子,品牌消费电子,300866,安克创新,0.8773333333333333,0.9813333333333333
932,1,电子,消费电子,品牌消费电子,002351,漫步者,0.724,0.9913333333333333
933,1,电子,消费电子,品牌消费电子,688007,光峰科技,0.5586666666666666,0.3473333333333333
934,1,电子,消费电子,品牌消费电子,002045,国光电器,0.5006666666666667,0.058666666666666666
935,0,电子,消费电子,品牌消费电子,301189,奥尼电子,0.22733333333333333,0.368
936,0,电子,消费电子,品牌消费电子,002888,惠威科技,0.09,0.6546666666666666
937,1,纺织服饰,饰品,钟表珠宝,600612,老凤祥,0.87,0.5366666666666666
938,1,纺织服饰,饰品,钟表珠宝,600916,中国黄金,0.7646666666666667,0.42733333333333334
939,1,纺织服饰,饰品,钟表珠宝,002867,周大生,0.75,0.6686666666666666
940,0,纺织服饰,饰品,钟表珠宝,301177,迪阿股份,0.714,0.7813333333333333
941,1,纺织服饰,饰品,钟表珠宝,605599,菜百股份,0.548,0.17666666666666667
942,1,纺织服饰,饰品,钟表珠宝,002345,潮宏基,0.43133333333333335,0.9273333333333333
943,1,纺织服饰,饰品,钟表珠宝,000026,飞亚达,0.33266666666666667,0.20533333333333334
944,0,纺织服饰,饰品,钟表珠宝,002721,*ST金一,0.19,0.15533333333333332
945,1,纺织服饰,饰品,钟表珠宝,002731,萃华珠宝,0.17533333333333334,0.674
946,1,纺织服饰,饰品,钟表珠宝,002574,明牌珠宝,0.16266666666666665,0.5506666666666666
947,0,纺织服饰,饰品,钟表珠宝,300945,曼卡龙,0.15866666666666668,0.18
948,0,纺织服饰,饰品,钟表珠宝,000017,深中华A,0.14866666666666667,0.32666666666666666
949,1,纺织服饰,饰品,钟表珠宝,603900,莱绅通灵,0.07666666666666666,0.266
950,0,纺织服饰,饰品,钟表珠宝,002740,*ST爱迪,0.03266666666666666,0.12866666666666668
951,1,美容护理,化妆品,化妆品制造及其他,300856,科思股份,0.6526666666666666,0.31066666666666665
952,1,美容护理,化妆品,化妆品制造及其他,002243,力合科创,0.594,0.5353333333333333
953,0,美容护理,化妆品,化妆品制造及其他,300132,青松股份,0.13133333333333333,0.452
954,0,美容护理,化妆品,化妆品制造及其他,002094,青岛金王,0.09666666666666666,0.484
955,0,美容护理,化妆品,化妆品制造及其他,300955,嘉亨家化,0.072,0.2826666666666667
956,0,美容护理,化妆品,化妆品制造及其他,300886,华业香料,0.052,0.3486666666666667
957,0,美容护理,化妆品,化妆品制造及其他,300849,锦盛新材,0.046,0.3993333333333333
958,1,美容护理,化妆品,品牌化妆品,603605,珀莱雅,0.9093333333333333,0.13
959,1,美容护理,化妆品,品牌化妆品,300957,贝泰妮,0.89,0.9126666666666666
960,1,美容护理,化妆品,品牌化妆品,600315,上海家化,0.7553333333333333,0.6886666666666666
961,1,美容护理,化妆品,品牌化妆品,603983,丸美股份,0.656,0.18266666666666667
962,1,美容护理,化妆品,品牌化妆品,300740,水羊股份,0.4066666666666667,0.366
963,1,美容护理,化妆品,品牌化妆品,603630,拉芳家化,0.19266666666666668,0.4533333333333333
964,0,美容护理,医疗美容,医美服务,000615,*ST美谷,0.08333333333333333,0.38266666666666665
965,1,美容护理,医疗美容,医美耗材,300896,爱美客,0.9566666666666667,0.572
966,1,美容护理,医疗美容,医美耗材,688363,华熙生物,0.9106666666666666,0.9113333333333333
967,1,计算机,IT服务Ⅱ,IT服务Ⅲ,600845,宝信软件,0.964,0.6406666666666667
968,1,计算机,IT服务Ⅱ,IT服务Ⅲ,000938,紫光股份,0.9586666666666667,0.948
969,1,计算机,IT服务Ⅱ,IT服务Ⅲ,300496,中科创达,0.9213333333333333,0.9506666666666667
970,1,计算机,IT服务Ⅱ,IT服务Ⅲ,600536,中国软件,0.9033333333333333,0.7226666666666667
971,1,计算机,IT服务Ⅱ,IT服务Ⅲ,301236,软通动力,0.846,0.7546666666666667
972,0,计算机,IT服务Ⅱ,IT服务Ⅲ,688343,云天励飞-U,0.842,0.922
973,1,计算机,IT服务Ⅱ,IT服务Ⅲ,600271,航天信息,0.836,0.408
974,1,计算机,IT服务Ⅱ,IT服务Ⅲ,300682,朗新科技,0.83,0.7306666666666667
975,1,计算机,IT服务Ⅱ,IT服务Ⅲ,002065,东华软件,0.8213333333333334,0.894
976,1,计算机,IT服务Ⅱ,IT服务Ⅲ,002368,太极股份,0.8186666666666667,0.8146666666666667
977,1,计算机,IT服务Ⅱ,IT服务Ⅲ,300212,易华录,0.816,0.974
978,1,计算机,IT服务Ⅱ,IT服务Ⅲ,600131,国网信通,0.8093333333333333,0.72
979,1,计算机,IT服务Ⅱ,IT服务Ⅲ,002373,千方科技,0.79,0.6273333333333333
980,1,计算机,IT服务Ⅱ,IT服务Ⅲ,300383,光环新网,0.7886666666666666,0.4246666666666667
981,0,计算机,IT服务Ⅱ,IT服务Ⅲ,688327,云从科技-UW,0.7866666666666666,0.5133333333333333
982,1,计算机,IT服务Ⅱ,IT服务Ⅲ,300339,润和软件,0.772,0.97
983,1,计算机,IT服务Ⅱ,IT服务Ⅲ,300017,网宿科技,0.7686666666666667,0.9513333333333334
984,1,计算机,IT服务Ⅱ,IT服务Ⅲ,688568,中科星图,0.7633333333333333,0.6413333333333333
985,0,计算机,IT服务Ⅱ,IT服务Ⅲ,600225,卓朗科技,0.7606666666666667,0.242
986,1,计算机,IT服务Ⅱ,IT服务Ⅲ,000034,神州数码,0.7573333333333333,0.6873333333333334
987,0,计算机,IT服务Ⅱ,IT服务Ⅲ,688088,虹软科技,0.752,0.3586666666666667
988,1,计算机,IT服务Ⅱ,IT服务Ⅲ,300168,万达信息,0.7486666666666667,0.6206666666666667
989,0,计算机,IT服务Ⅱ,IT服务Ⅲ,002195,二三四五,0.7373333333333333,0.7046666666666667
990,1,计算机,IT服务Ⅱ,IT服务Ⅲ,600850,电科数字,0.7293333333333333,0.5953333333333334
991,1,计算机,IT服务Ⅱ,IT服务Ⅲ,603171,税友股份,0.7273333333333334,0.6006666666666667
992,1,计算机,IT服务Ⅱ,IT服务Ⅲ,600728,佳都科技,0.71,0.44266666666666665
993,1,计算机,IT服务Ⅱ,IT服务Ⅲ,300166,东方国信,0.6906666666666667,0.146
994,1,计算机,IT服务Ⅱ,IT服务Ⅲ,600446,金证股份,0.682,0.49133333333333334
995,0,计算机,IT服务Ⅱ,IT服务Ⅲ,300678,中科信息,0.6813333333333333,0.027333333333333334
996,1,计算机,IT服务Ⅱ,IT服务Ⅲ,688066,航天宏图,0.6773333333333333,0.824
997,1,计算机,IT服务Ⅱ,IT服务Ⅲ,300674,宇信科技,0.6713333333333333,0.9206666666666666
998,1,计算机,IT服务Ⅱ,IT服务Ⅲ,002777,久远银海,0.67,0.9006666666666666
999,1,计算机,IT服务Ⅱ,IT服务Ⅲ,000158,常山北明,0.6606666666666666,0.964
1000,1,计算机,IT服务Ⅱ,IT服务Ⅲ,600718,东软集团,0.66,0.7106666666666667
1001,0,计算机,IT服务Ⅱ,IT服务Ⅲ,688562,航天软件,0.6533333333333333,0.005333333333333333
1002,1,计算机,IT服务Ⅱ,IT服务Ⅲ,603918,金桥信息,0.65,0.8746666666666667
1003,1,计算机,IT服务Ⅱ,IT服务Ⅲ,300634,彩讯股份,0.6433333333333333,0.6213333333333333
1004,1,计算机,IT服务Ⅱ,IT服务Ⅲ,000555,神州信息,0.6426666666666667,0.666
1005,1,计算机,IT服务Ⅱ,IT服务Ⅲ,603881,数据港,0.6293333333333333,0.7966666666666666
1006,1,计算机,IT服务Ⅱ,IT服务Ⅲ,300687,赛意信息,0.6286666666666667,0.95
1007,1,计算机,IT服务Ⅱ,IT服务Ⅲ,300738,奥飞数据,0.596,0.7153333333333334
1008,1,计算机,IT服务Ⅱ,IT服务Ⅲ,688158,优刻得-W,0.59,0.9806666666666667
1009,1,计算机,IT服务Ⅱ,IT服务Ⅲ,300170,汉得信息,0.5893333333333334,0.8153333333333334
1010,0,计算机,IT服务Ⅱ,IT服务Ⅲ,301316,慧博云通,0.588,0.982
1011,1,计算机,IT服务Ⅱ,IT服务Ⅲ,300079,数码视讯,0.5833333333333334,0.512
1012,1,计算机,IT服务Ⅱ,IT服务Ⅲ,300271,华宇软件,0.58,0.9393333333333334
1013,1,计算机,IT服务Ⅱ,IT服务Ⅲ,002401,中远海科,0.572,0.22533333333333333
1014,1,计算机,IT服务Ⅱ,IT服务Ⅲ,002649,博彦科技,0.5606666666666666,0.878
1015,1,计算机,IT服务Ⅱ,IT服务Ⅲ,603636,南威软件,0.56,0.662
1016,1,计算机,IT服务Ⅱ,IT服务Ⅲ,600410,华胜天成,0.558,0.47933333333333333
1017,1,计算机,IT服务Ⅱ,IT服务Ⅲ,300846,首都在线,0.5466666666666666,0.8453333333333334
1018,0,计算机,IT服务Ⅱ,IT服务Ⅲ,300288,朗玛信息,0.5133333333333333,0.902
1019,1,计算机,IT服务Ⅱ,IT服务Ⅲ,603859,能科科技,0.508,0.38533333333333336
1020,1,计算机,IT服务Ⅱ,IT服务Ⅲ,600797,浙大网新,0.5066666666666667,0.718
1021,1,计算机,IT服务Ⅱ,IT服务Ⅲ,300020,银江技术,0.5053333333333333,0.292
1022,0,计算机,IT服务Ⅱ,IT服务Ⅲ,002421,达实智能,0.502,0.39066666666666666
1023,0,计算机,IT服务Ⅱ,IT服务Ⅲ,688365,光云科技,0.498,0.89
1024,1,计算机,IT服务Ⅱ,IT服务Ⅲ,002609,捷顺科技,0.48733333333333334,0.9546666666666667
1025,1,计算机,IT服务Ⅱ,IT服务Ⅲ,002908,德生科技,0.476,0.372
1026,0,计算机,IT服务Ⅱ,IT服务Ⅲ,301085,亚康股份,0.47333333333333333,0.4653333333333333
1027,0,计算机,IT服务Ⅱ,IT服务Ⅲ,688207,格灵深瞳,0.4646666666666667,0.8226666666666667
1028,0,计算机,IT服务Ⅱ,IT服务Ⅲ,688258,卓易信息,0.464,0.08866666666666667
1029,1,计算机,IT服务Ⅱ,IT服务Ⅲ,002232,启明信息,0.462,0.24333333333333335
1030,0,计算机,IT服务Ⅱ,IT服务Ⅲ,688787,海天瑞声,0.46,0.21666666666666667
1031,1,计算机,IT服务Ⅱ,IT服务Ⅲ,002530,金财互联,0.456,0.914
1032,1,计算机,IT服务Ⅱ,IT服务Ⅲ,300872,天阳科技,0.4513333333333333,0.23066666666666666
1033,1,计算机,IT服务Ⅱ,IT服务Ⅲ,000409,云鼎科技,0.41733333333333333,0.6353333333333333
1034,0,计算机,IT服务Ⅱ,IT服务Ⅲ,603138,海量数据,0.4086666666666667,0.9246666666666666
1035,1,计算机,IT服务Ⅱ,IT服务Ⅲ,603611,诺力股份,0.3953333333333333,0.4126666666666667
1036,1,计算机,IT服务Ⅱ,IT服务Ⅲ,300523,辰安科技,0.3933333333333333,0.728
1037,0,计算机,IT服务Ⅱ,IT服务Ⅲ,300287,飞利信,0.3913333333333333,0.5273333333333333
1038,1,计算机,IT服务Ⅱ,IT服务Ⅲ,300532,今天国际,0.3873333333333333,0.6746666666666666
1039,1,计算机,IT服务Ⅱ,IT服务Ⅲ,603869,新智认知,0.386,0.028666666666666667
1040,1,计算机,IT服务Ⅱ,IT服务Ⅲ,002657,中科金财,0.374,0.7833333333333333
1041,1,计算机,IT服务Ⅱ,IT服务Ⅲ,600756,浪潮软件,0.37,0.7753333333333333
1042,0,计算机,IT服务Ⅱ,IT服务Ⅲ,300895,铜牛信息,0.366,0.514
1043,0,计算机,IT服务Ⅱ,IT服务Ⅲ,301185,鸥玛软件,0.35733333333333334,0.10533333333333333
1044,0,计算机,IT服务Ⅱ,IT服务Ⅲ,003005,竞业达,0.3393333333333333,0.374
1045,1,计算机,IT服务Ⅱ,IT服务Ⅲ,002474,榕基软件,0.33466666666666667,0.348
1046,0,计算机,IT服务Ⅱ,IT服务Ⅲ,688039,当虹科技,0.3233333333333333,0.35933333333333334
1047,0,计算机,IT服务Ⅱ,IT服务Ⅲ,688228,开普云,0.31933333333333336,0.5706666666666667
1048,1,计算机,IT服务Ⅱ,IT服务Ⅲ,002642,荣联科技,0.31866666666666665,0.6066666666666667
1049,1,计算机,IT服务Ⅱ,IT服务Ⅲ,002380,科远智慧,0.30666666666666664,0.8793333333333333
1050,1,计算机,IT服务Ⅱ,IT服务Ⅲ,600571,信雅达,0.306,0.6666666666666666
1051,1,计算机,IT服务Ⅱ,IT服务Ⅲ,300541,先进数通,0.29133333333333333,0.3353333333333333
1052,0,计算机,IT服务Ⅱ,IT服务Ⅲ,300448,浩云科技,0.2846666666666667,0.7133333333333334
1053,0,计算机,IT服务Ⅱ,IT服务Ⅲ,300078,思创医惠,0.27066666666666667,0.7246666666666667
1054,0,计算机,IT服务Ⅱ,IT服务Ⅲ,300250,初灵信息,0.27,0.9973333333333333
1055,1,计算机,IT服务Ⅱ,IT服务Ⅲ,603003,龙宇股份,0.2613333333333333,0.8326666666666667
1056,0,计算机,IT服务Ⅱ,IT服务Ⅲ,301396,宏景科技,0.25533333333333336,0.328
1057,0,计算机,IT服务Ⅱ,IT服务Ⅲ,301208,中亦科技,0.24733333333333332,0.22133333333333333
1058,1,计算机,IT服务Ⅱ,IT服务Ⅲ,603887,城地香江,0.24466666666666667,0.41333333333333333
1059,0,计算机,IT服务Ⅱ,IT服务Ⅲ,300044,赛为智能,0.238,0.166
1060,0,计算机,IT服务Ⅱ,IT服务Ⅲ,688509,正元地信,0.23533333333333334,0.762
1061,1,计算机,IT服务Ⅱ,IT服务Ⅲ,300231,银信科技,0.23466666666666666,0.892
1062,1,计算机,IT服务Ⅱ,IT服务Ⅲ,301248,杰创智能,0.218,0.212
1063,0,计算机,IT服务Ⅱ,IT服务Ⅲ,300609,汇纳科技,0.17933333333333334,0.9333333333333333
1064,0,计算机,IT服务Ⅱ,IT服务Ⅲ,605398,新炬网络,0.17866666666666667,0.7773333333333333
1065,0,计算机,IT服务Ⅱ,IT服务Ⅲ,300290,荣科科技,0.178,0.8186666666666667
1066,1,计算机,IT服务Ⅱ,IT服务Ⅲ,300440,运达科技,0.17266666666666666,0.56
1067,0,计算机,IT服务Ⅱ,IT服务Ⅲ,688316,青云科技-U,0.17,0.7926666666666666
1068,0,计算机,IT服务Ⅱ,IT服务Ⅲ,300264,佳创视讯,0.16333333333333333,0.44866666666666666
1069,1,计算机,IT服务Ⅱ,IT服务Ⅲ,300245,天玑科技,0.15933333333333333,0.588
1070,0,计算机,IT服务Ⅱ,IT服务Ⅲ,688227,品高股份,0.15666666666666668,0.8066666666666666
1071,0,计算机,IT服务Ⅱ,IT服务Ⅲ,688051,佳华科技,0.154,0.8126666666666666
1072,0,计算机,IT服务Ⅱ,IT服务Ⅲ,835305,云创数据,0.15066666666666667,0.904
1073,0,计算机,IT服务Ⅱ,IT服务Ⅲ,300300,海峡创新,0.14733333333333334,0.622
1074,1,计算机,IT服务Ⅱ,IT服务Ⅲ,002331,皖通科技,0.13933333333333334,0.6113333333333333
1075,0,计算机,IT服务Ⅱ,IT服务Ⅲ,300096,易联众,0.13733333333333334,0.648
1076,0,计算机,IT服务Ⅱ,IT服务Ⅲ,300399,天利科技,0.134,0.586
1077,0,计算机,IT服务Ⅱ,IT服务Ⅲ,002771,真视通,0.13066666666666665,0.472
1078,0,计算机,IT服务Ⅱ,IT服务Ⅲ,300277,海联讯,0.128,0.37066666666666664
1079,0,计算机,IT服务Ⅱ,IT服务Ⅲ,688229,博睿数据,0.126,0.8293333333333334
1080,0,计算机,IT服务Ⅱ,IT服务Ⅲ,600476,湘邮科技,0.12466666666666666,0.7846666666666666
1081,0,计算机,IT服务Ⅱ,IT服务Ⅲ,300150,世纪瑞尔,0.11733333333333333,0.056666666666666664
1082,0,计算机,IT服务Ⅱ,IT服务Ⅲ,301218,华是科技,0.106,0.42933333333333334
1083,0,计算机,IT服务Ⅱ,IT服务Ⅲ,300419,浩丰科技,0.096,0.538
1084,0,计算机,IT服务Ⅱ,IT服务Ⅲ,688004,博汇科技,0.082,0.44533333333333336
1085,0,计算机,IT服务Ⅱ,IT服务Ⅲ,301178,天亿马,0.08,0.85
1086,0,计算机,IT服务Ⅱ,IT服务Ⅲ,000638,万方发展,0.056666666666666664,0.3406666666666667
1087,0,计算机,IT服务Ⅱ,IT服务Ⅲ,688251,井松智能,0.048666666666666664,0.074
1088,0,计算机,IT服务Ⅱ,IT服务Ⅲ,688500,*ST慧辰,0.036,0.024
1089,0,计算机,IT服务Ⅱ,IT服务Ⅲ,300167,ST迪威迅,0.027333333333333334,0.636
1090,0,计算机,IT服务Ⅱ,IT服务Ⅲ,837092,汉鑫科技,0.018666666666666668,0.20266666666666666
1091,0,计算机,IT服务Ⅱ,IT服务Ⅲ,838227,美登科技,0.018,0.051333333333333335
1092,0,计算机,IT服务Ⅱ,IT服务Ⅲ,835184,国源科技,0.010666666666666666,0.07133333333333333
1093,0,计算机,IT服务Ⅱ,IT服务Ⅲ,839790,联迪信息,0.006,0.182
1094,0,计算机,IT服务Ⅱ,IT服务Ⅲ,430564,天润科技,0.005333333333333333,0.27266666666666667
1095,0,计算机,IT服务Ⅱ,IT服务Ⅲ,832171,志晟信息,0.004666666666666667,0.30533333333333335
1096,0,计算机,IT服务Ⅱ,IT服务Ⅲ,000606,顺利退,0.0026666666666666666,0.18133333333333335
1097,0,计算机,IT服务Ⅱ,IT服务Ⅲ,600767,退运盛,0.0013333333333333333,0.22266666666666668
1098,1,计算机,计算机设备,其他计算机设备,603019,中科曙光,0.95,0.896
1099,1,计算机,计算机设备,其他计算机设备,000977,浪潮信息,0.9446666666666667,0.8926666666666667
1100,1,计算机,计算机设备,其他计算机设备,002180,纳思达,0.9233333333333333,0.45266666666666666
1101,1,计算机,计算机设备,其他计算机设备,000066,中国长城,0.918,0.8046666666666666
1102,1,计算机,计算机设备,其他计算机设备,002152,广电运通,0.8573333333333333,0.6393333333333333
1103,1,计算机,计算机设备,其他计算机设备,600100,同方股份,0.856,0.9446666666666667
1104,1,计算机,计算机设备,其他计算机设备,688188,柏楚电子,0.8406666666666667,0.758
1105,1,计算机,计算机设备,其他计算机设备,002268,电科网安,0.8153333333333334,0.8646666666666667
1106,1,计算机,计算机设备,其他计算机设备,000997,新大陆,0.7653333333333333,0.45466666666666666
1107,1,计算机,计算机设备,其他计算机设备,300130,新国都,0.686,0.7986666666666666
1108,1,计算机,计算机设备,其他计算机设备,688208,道通科技,0.676,0.9453333333333334
1109,0,计算机,计算机设备,其他计算机设备,872808,曙光数创,0.6706666666666666,0.048
1110,0,计算机,计算机设备,其他计算机设备,301339,通行宝,0.5866666666666667,0.43266666666666664
1111,1,计算机,计算机设备,其他计算机设备,002990,盛视科技,0.5773333333333334,0.8813333333333333
1112,0,计算机,计算机设备,其他计算机设备,001339,智微智能,0.504,0.33866666666666667
1113,0,计算机,计算机设备,其他计算机设备,301391,卡莱特,0.49733333333333335,0.506
1114,1,计算机,计算机设备,其他计算机设备,300455,航天智装,0.49666666666666665,0.17133333333333334
1115,1,计算机,计算机设备,其他计算机设备,300042,朗科科技,0.494,0.034
1116,0,计算机,计算机设备,其他计算机设备,001309,德明利,0.488,0.6466666666666666
1117,0,计算机,计算机设备,其他计算机设备,002912,中新赛克,0.4786666666666667,0.488
1118,1,计算机,计算机设备,其他计算机设备,002197,证通电子,0.472,0.9213333333333333
1119,0,计算机,计算机设备,其他计算机设备,300551,古鳌科技,0.458,0.6033333333333334
1120,0,计算机,计算机设备,其他计算机设备,300302,同有科技,0.4186666666666667,0.39666666666666667
1121,1,计算机,计算机设备,其他计算机设备,600855,航天长峰,0.398,0.5313333333333333
1122,1,计算机,计算机设备,其他计算机设备,300659,中孚信息,0.36,0.43066666666666664
1123,0,计算机,计算机设备,其他计算机设备,300324,旋极信息,0.35933333333333334,0.6186666666666667
1124,1,计算机,计算机设备,其他计算机设备,002970,锐明技术,0.346,0.021333333333333333
1125,1,计算机,计算机设备,其他计算机设备,002376,新北洋,0.342,0.31533333333333335
1126,1,计算机,计算机设备,其他计算机设备,300248,新开普,0.33666666666666667,0.6646666666666666
1127,1,计算机,计算机设备,其他计算机设备,300386,飞天诚信,0.32133333333333336,0.3426666666666667
1128,1,计算机,计算机设备,其他计算机设备,300531,优博讯,0.31466666666666665,0.432
1129,0,计算机,计算机设备,其他计算机设备,300249,依米康,0.312,0.302
1130,0,计算机,计算机设备,其他计算机设备,002512,达华智能,0.30733333333333335,0.5426666666666666
1131,0,计算机,计算机设备,其他计算机设备,002308,威创股份,0.3006666666666667,0.602
1132,0,计算机,计算机设备,其他计算机设备,002577,雷柏科技,0.2966666666666667,0.15266666666666667
1133,1,计算机,计算机设备,其他计算机设备,603496,恒为科技,0.29333333333333333,0.37866666666666665
1134,0,计算机,计算机设备,其他计算机设备,300941,创识科技,0.2886666666666667,0.6793333333333333
1135,0,计算机,计算机设备,其他计算机设备,300479,神思电子,0.2866666666666667,0.7073333333333334
1136,0,计算机,计算机设备,其他计算机设备,603516,淳中科技,0.26866666666666666,0.5193333333333333
1137,1,计算机,计算机设备,其他计算机设备,300552,万集科技,0.2653333333333333,0.5213333333333333
1138,1,计算机,计算机设备,其他计算机设备,300645,正元智慧,0.25666666666666665,0.26666666666666666
1139,0,计算机,计算机设备,其他计算机设备,300508,维宏股份,0.232,0.016666666666666666
1140,0,计算机,计算机设备,其他计算机设备,300368,汇金股份,0.228,0.7646666666666667
1141,1,计算机,计算机设备,其他计算机设备,300546,雄帝科技,0.21,0.6433333333333333
1142,1,计算机,计算机设备,其他计算机设备,603660,苏州科达,0.20933333333333334,0.782
1143,0,计算机,计算机设备,其他计算机设备,688060,云涌科技,0.19666666666666666,0.5866666666666667
1144,0,计算机,计算机设备,其他计算机设备,001229,魅视科技,0.182,0.8206666666666667
1145,0,计算机,计算机设备,其他计算机设备,002177,御银股份,0.16666666666666666,0.48933333333333334
1146,0,计算机,计算机设备,其他计算机设备,603106,恒银科技,0.14666666666666667,0.5246666666666666
1147,0,计算机,计算机设备,其他计算机设备,300845,捷安高科,0.12333333333333334,0.9933333333333333
1148,1,计算机,计算机设备,其他计算机设备,300771,智莱科技,0.10533333333333333,0.7713333333333333
1149,0,计算机,计算机设备,其他计算机设备,688288,鸿泉物联,0.09866666666666667,0.8526666666666667
1150,0,计算机,计算机设备,其他计算机设备,300333,兆日科技,0.08866666666666667,0.44733333333333336
1151,0,计算机,计算机设备,其他计算机设备,300807,天迈科技,0.088,0.888
1152,0,计算机,计算机设备,其他计算机设备,300789,唐源电气,0.084,0.246
1153,0,计算机,计算机设备,其他计算机设备,300462,华铭智能,0.078,0.47
1154,0,计算机,计算机设备,其他计算机设备,300743,天地数码,0.074,0.852
1155,0,计算机,计算机设备,其他计算机设备,872190,雷神科技,0.03,0.162
1156,0,计算机,计算机设备,其他计算机设备,430090,同辉信息,0.008666666666666666,0.806
1157,0,计算机,计算机设备,其他计算机设备,688086,退紫晶,0.002,0.018666666666666668
1158,1,计算机,软件开发,垂直应用软件,300033,同花顺,0.9593333333333334,0.9926666666666667
1159,1,计算机,软件开发,垂直应用软件,600570,恒生电子,0.9513333333333334,0.6753333333333333
1160,1,计算机,软件开发,垂直应用软件,002920,德赛西威,0.9473333333333334,0.966
1161,0,计算机,软件开发,垂直应用软件,301269,华大九天,0.94,0.334
1162,1,计算机,软件开发,垂直应用软件,002410,广联达,0.9366666666666666,0.9486666666666667
1163,1,计算机,软件开发,垂直应用软件,002153,石基信息,0.9026666666666666,0.76
1164,1,计算机,软件开发,垂直应用软件,002405,四维图新,0.8453333333333334,0.7346666666666667
1165,1,计算机,软件开发,垂直应用软件,300229,拓尔思,0.81,0.546
1166,1,计算机,软件开发,垂直应用软件,002261,拓维信息,0.8073333333333333,0.9746666666666667
1167,1,计算机,软件开发,垂直应用软件,603927,中科软,0.8006666666666666,0.6226666666666667
1168,1,计算机,软件开发,垂直应用软件,300253,卫宁健康,0.786,0.5746666666666667
1169,1,计算机,软件开发,垂直应用软件,300803,指南针,0.78,0.9773333333333334
1170,1,计算机,软件开发,垂直应用软件,300188,美亚柏科,0.7706666666666667,0.24533333333333332
1171,0,计算机,软件开发,垂直应用软件,301095,广立微,0.7473333333333333,0.44666666666666666
1172,1,计算机,软件开发,垂直应用软件,688083,中望软件,0.7413333333333333,0.958
1173,1,计算机,软件开发,垂直应用软件,600602,云赛智联,0.7406666666666667,0.9626666666666667
1174,1,计算机,软件开发,垂直应用软件,688326,经纬恒润-W,0.7353333333333333,0.9733333333333334
1175,1,计算机,软件开发,垂直应用软件,688232,新点软件,0.7226666666666667,0.2813333333333333
1176,1,计算机,软件开发,垂直应用软件,301153,中科江南,0.7093333333333334,0.218
1177,1,计算机,软件开发,垂直应用软件,601519,大智慧,0.6886666666666666,0.9433333333333334
1178,1,计算机,软件开发,垂直应用软件,300075,数字政通,0.6753333333333333,0.83
1179,1,计算机,软件开发,垂直应用软件,002063,远光软件,0.6733333333333333,0.6366666666666667
1180,0,计算机,软件开发,垂直应用软件,688318,财富趋势,0.6666666666666666,0.9966666666666667
1181,1,计算机,软件开发,垂直应用软件,300451,创业慧康,0.6613333333333333,0.6126666666666667
1182,0,计算机,软件开发,垂直应用软件,688206,概伦电子,0.652,0.5593333333333333
1183,1,计算机,软件开发,垂直应用软件,300525,博思软件,0.6393333333333333,0.5253333333333333
1184,0,计算机,软件开发,垂直应用软件,000503,国新健康,0.6226666666666667,0.186
1185,1,计算机,软件开发,垂直应用软件,300226,上海钢联,0.6126666666666667,0.556
1186,1,计算机,软件开发,垂直应用软件,300379,东方通,0.6,0.9593333333333334
1187,1,计算机,软件开发,垂直应用软件,002987,京北方,0.5846666666666667,0.692
1188,1,计算机,软件开发,垂直应用软件,603383,顶点软件,0.5646666666666667,0.5646666666666667
1189,0,计算机,软件开发,垂直应用软件,300085,银之杰,0.55,0.9586666666666667
1190,0,计算机,软件开发,垂直应用软件,300579,数字认证,0.5453333333333333,0.88
1191,1,计算机,软件开发,垂直应用软件,300348,长亮科技,0.532,0.78
1192,1,计算机,软件开发,垂直应用软件,300598,诚迈科技,0.5293333333333333,0.8873333333333333
1193,0,计算机,软件开发,垂直应用软件,688507,索辰科技,0.524,0.6193333333333333
1194,0,计算机,软件开发,垂直应用软件,300559,佳发教育,0.5186666666666667,0.992
1195,0,计算机,软件开发,垂直应用软件,300352,北信源,0.49466666666666664,0.526
1196,0,计算机,软件开发,垂直应用软件,301162,国能日新,0.49333333333333335,0.08333333333333333
1197,1,计算机,软件开发,垂直应用软件,000948,南天信息,0.48933333333333334,0.20466666666666666
1198,1,计算机,软件开发,垂直应用软件,300366,创意信息,0.47733333333333333,0.8486666666666667
1199,1,计算机,软件开发,垂直应用软件,002362,汉王科技,0.4686666666666667,0.9046666666666666
1200,1,计算机,软件开发,垂直应用软件,300663,科蓝软件,0.4533333333333333,0.5413333333333333
1201,1,计算机,软件开发,垂直应用软件,688588,凌志软件,0.43933333333333335,0.5453333333333333
1202,0,计算机,软件开发,垂直应用软件,688579,山大地纬,0.43866666666666665,0.4846666666666667
1203,0,计算机,软件开发,垂直应用软件,300098,高新兴,0.436,0.678
1204,1,计算机,软件开发,垂直应用软件,300377,赢时胜,0.42933333333333334,0.656
1205,0,计算机,软件开发,垂直应用软件,301195,北路智控,0.42533333333333334,0.34
1206,1,计算机,软件开发,垂直应用软件,300996,普联软件,0.422,0.7866666666666666
1207,1,计算机,软件开发,垂直应用软件,300468,四方精创,0.42,0.742
1208,1,计算机,软件开发,垂直应用软件,300520,科大国创,0.414,0.7453333333333333
1209,0,计算机,软件开发,垂直应用软件,300469,信息发展,0.4106666666666667,0.24733333333333332
1210,0,计算机,软件开发,垂直应用软件,600654,ST中安,0.4093333333333333,0.19
1211,1,计算机,软件开发,垂直应用软件,300925,法本信息,0.39466666666666667,0.9033333333333333
1212,0,计算机,软件开发,垂直应用软件,003029,吉大正元,0.39266666666666666,0.13733333333333334
1213,1,计算机,软件开发,垂直应用软件,300047,天源迪科,0.362,0.754
1214,1,计算机,软件开发,垂直应用软件,688590,新致软件,0.36133333333333334,0.7506666666666667
1215,1,计算机,软件开发,垂直应用软件,688246,嘉和美康,0.354,0.134
1216,0,计算机,软件开发,垂直应用软件,300465,高伟达,0.338,0.7353333333333333
1217,0,计算机,软件开发,垂直应用软件,301378,通达海,0.336,0.5446666666666666
1218,1,计算机,软件开发,垂直应用软件,300365,恒华科技,0.334,0.774
1219,1,计算机,软件开发,垂直应用软件,603528,多伦科技,0.3273333333333333,0.37133333333333335
1220,1,计算机,软件开发,垂直应用软件,300830,金现代,0.32066666666666666,0.8586666666666667
1221,1,计算机,软件开发,垂直应用软件,002298,中电兴发,0.31533333333333335,0.77
1222,0,计算机,软件开发,垂直应用软件,688479,友车科技,0.30933333333333335,0.6046666666666667
1223,0,计算机,软件开发,垂直应用软件,300550,和仁科技,0.294,0.2853333333333333
1224,0,计算机,软件开发,垂直应用软件,603990,麦迪科技,0.292,0.582
1225,0,计算机,软件开发,垂直应用软件,603189,网达软件,0.2813333333333333,0.7266666666666667
1226,0,计算机,软件开发,垂直应用软件,301337,亚华电子,0.268,0.012666666666666666
1227,0,计算机,软件开发,垂直应用软件,300561,汇金科技,0.26666666666666666,0.35133333333333333
1228,0,计算机,软件开发,垂直应用软件,300344,立方数科,0.264,0.092
1229,1,计算机,软件开发,垂直应用软件,002322,理工能科,0.248,0.5066666666666667
1230,1,计算机,软件开发,垂直应用软件,603232,格尔软件,0.24666666666666667,0.3566666666666667
1231,0,计算机,软件开发,垂直应用软件,300542,新晨科技,0.24066666666666667,0.5173333333333333
1232,0,计算机,软件开发,垂直应用软件,002253,川大智胜,0.21933333333333332,0.44133333333333336
1233,1,计算机,软件开发,垂直应用软件,300608,思特奇,0.216,0.7706666666666667
1234,0,计算机,软件开发,垂直应用软件,300235,方直科技,0.21466666666666667,0.9833333333333333
1235,0,计算机,软件开发,垂直应用软件,300730,科创信息,0.20133333333333334,0.8366666666666667
1236,0,计算机,软件开发,垂直应用软件,300556,丝路视觉,0.18133333333333335,0.14733333333333334
1237,0,计算机,软件开发,垂直应用软件,688291,金橙子,0.15733333333333333,0.684
1238,0,计算机,软件开发,垂直应用软件,688118,普元信息,0.144,0.9566666666666667
1239,0,计算机,软件开发,垂直应用软件,301159,三维天地,0.14133333333333334,0.030666666666666665
1240,0,计算机,软件开发,垂直应用软件,003007,直真科技,0.124,0.6346666666666667
1241,0,计算机,软件开发,垂直应用软件,300380,安硕信息,0.122,0.5846666666666667
1242,0,计算机,软件开发,垂直应用软件,300605,恒锋信息,0.114,0.39866666666666667
1243,0,计算机,软件开发,垂直应用软件,300935,盈建科,0.10933333333333334,0.9253333333333333
1244,0,计算机,软件开发,垂直应用软件,002178,延华智能,0.10733333333333334,0.548
1245,0,计算机,软件开发,垂直应用软件,300074,华平股份,0.09266666666666666,0.568
1246,0,计算机,软件开发,垂直应用软件,688109,品茗科技,0.07733333333333334,0.06133333333333333
1247,0,计算机,软件开发,垂直应用软件,688171,纬德信息,0.06933333333333333,0.8913333333333333
1248,0,计算机,软件开发,垂直应用软件,688296,和达科技,0.06333333333333334,0.19266666666666668
1249,0,计算机,软件开发,垂直应用软件,688038,中科通达,0.05266666666666667,0.384
1250,0,计算机,软件开发,垂直应用软件,830799,艾融软件,0.050666666666666665,0.122
1251,0,计算机,软件开发,垂直应用软件,600455,博通股份,0.03933333333333333,0.4726666666666667
1252,0,计算机,软件开发,垂直应用软件,300209,ST有棵树,0.03333333333333333,0.41533333333333333
1253,0,计算机,软件开发,垂直应用软件,839680,广道数字,0.026,0.14666666666666667
1254,0,计算机,软件开发,垂直应用软件,835207,众诚科技,0.011333333333333334,0.30466666666666664
1255,0,计算机,软件开发,垂直应用软件,834415,恒拓开源,0.01,0.25466666666666665
1256,0,计算机,软件开发,垂直应用软件,688555,退泽达,0.0006666666666666666,0.007333333333333333
1257,1,计算机,软件开发,横向通用软件,688111,金山办公,0.9886666666666667,0.9886666666666667
1258,1,计算机,软件开发,横向通用软件,002230,科大讯飞,0.9806666666666667,0.996
1259,1,计算机,软件开发,横向通用软件,601360,三六零,0.966,0.7606666666666667
1260,1,计算机,软件开发,横向通用软件,600588,用友网络,0.944,0.8373333333333334
1261,1,计算机,软件开发,横向通用软件,300454,深信服,0.926,0.932
1262,1,计算机,软件开发,横向通用软件,688561,奇安信-U,0.8973333333333333,0.5486666666666666
1263,1,计算机,软件开发,横向通用软件,002439,启明星辰,0.8546666666666667,0.15933333333333333
1264,0,计算机,软件开发,横向通用软件,300799,*ST左江,0.8306666666666667,0.07533333333333334
1265,1,计算机,软件开发,横向通用软件,603039,泛微网络,0.7586666666666667,0.498
1266,0,计算机,软件开发,横向通用软件,300624,万兴科技,0.744,0.278
1267,0,计算机,软件开发,横向通用软件,688031,星环科技-U,0.69,0.8946666666666667
1268,1,计算机,软件开发,横向通用软件,688023,安恒信息,0.6833333333333333,0.7806666666666666
1269,1,计算机,软件开发,横向通用软件,002212,天融信,0.64,0.6786666666666666
1270,1,计算机,软件开发,横向通用软件,300768,迪普科技,0.632,0.92
1271,1,计算机,软件开发,横向通用软件,300369,绿盟科技,0.614,0.12466666666666666
1272,1,计算机,软件开发,横向通用软件,688095,福昕软件,0.598,0.984
1273,1,计算机,软件开发,横向通用软件,300036,超图软件,0.5906666666666667,0.5673333333333334
1274,1,计算机,软件开发,横向通用软件,688225,亚信安全,0.562,0.37466666666666665
1275,0,计算机,软件开发,横向通用软件,688435,英方软件,0.542,0.4613333333333333
1276,0,计算机,软件开发,横向通用软件,688152,麒麟信安,0.5326666666666666,0.7213333333333334
1277,0,计算机,软件开发,横向通用软件,300766,每日互动,0.5,0.9346666666666666
1278,0,计算机,软件开发,横向通用软件,301270,汉仪股份,0.42133333333333334,0.06266666666666666
1279,1,计算机,软件开发,横向通用软件,002279,久其软件,0.41133333333333333,0.4266666666666667
1280,1,计算机,软件开发,横向通用软件,688369,致远互联,0.3973333333333333,0.598
1281,1,计算机,软件开发,横向通用软件,300378,鼎捷软件,0.39666666666666667,0.9286666666666666
1282,1,计算机,软件开发,横向通用软件,688201,信安世纪,0.38466666666666666,0.272
1283,0,计算机,软件开发,横向通用软件,688244,永信至诚,0.31266666666666665,0.478
1284,0,计算机,软件开发,横向通用软件,300311,任子行,0.27666666666666667,0.5406666666666666
1285,1,计算机,软件开发,横向通用软件,688030,山石网科,0.26266666666666666,0.468
1286,0,计算机,软件开发,横向通用软件,688078,龙软科技,0.246,0.6486666666666666
1287,0,计算机,软件开发,横向通用软件,688058,宝兰德,0.19933333333333333,0.7553333333333333
1288,0,计算机,软件开发,横向通用软件,688168,安博通,0.138,0.5013333333333333
1289,0,计算机,软件开发,横向通用软件,000004,ST国华,0.06133333333333333,0.048666666666666664
1290,1,非银金融,保险Ⅱ,保险Ⅲ,601628,中国人寿,0.9993333333333333,0.986
1291,1,非银金融,保险Ⅱ,保险Ⅲ,601318,中国平安,0.998,0.9906666666666667
1292,1,非银金融,保险Ⅱ,保险Ⅲ,601601,中国太保,0.9926666666666667,0.99
1293,1,非银金融,保险Ⅱ,保险Ⅲ,601319,中国人保,0.9913333333333333,0.828
1294,1,非银金融,保险Ⅱ,保险Ⅲ,601336,新华保险,0.9713333333333334,0.9826666666666667
1295,0,非银金融,保险Ⅱ,保险Ⅲ,000627,天茂集团,0.696,0.8853333333333333
1296,0,非银金融,多元金融,信托,600816,ST安信,0.886,0.062
1297,0,非银金融,多元金融,信托,600517,国网英大,0.866,0.7053333333333334
1298,0,非银金融,多元金融,信托,000563,陕国投A,0.7026666666666667,0.7006666666666667
1299,1,非银金融,多元金融,信托,000666,经纬纺机,0.44533333333333336,0.4553333333333333
1300,0,非银金融,多元金融,其他多元金融,000958,电投产融,0.7953333333333333,0.652
1301,1,非银金融,多元金融,期货,600927,永安期货,0.8086666666666666,0.6733333333333333
1302,0,非银金融,多元金融,期货,001236,弘业期货,0.7126666666666667,0.8566666666666667
1303,1,非银金融,多元金融,期货,603093,南华期货,0.42866666666666664,0.204
1304,1,非银金融,多元金融,期货,002961,瑞达期货,0.4166666666666667,0.75
1305,1,非银金融,多元金融,租赁,600901,江苏金租,0.754,0.5286666666666666
1306,0,非银金融,多元金融,租赁,000415,渤海租赁,0.6566666666666666,0.37
1307,0,非银金融,多元金融,租赁,603300,华铁应急,0.5946666666666667,0.768
1308,1,非银金融,多元金融,资产管理,000567,海德股份,0.7433333333333333,0.358
1309,0,非银金融,多元金融,资产管理,600053,九鼎投资,0.3626666666666667,0.6706666666666666
1310,1,非银金融,多元金融,资产管理,000532,华金资本,0.22333333333333333,0.6146666666666667
1311,0,非银金融,多元金融,资产管理,000616,*ST海投,0.034,0.3446666666666667
1312,1,非银金融,多元金融,金融信息服务,300773,拉卡拉,0.6786666666666666,0.9646666666666667
1313,0,非银金融,多元金融,金融信息服务,002647,仁东控股,0.14,0.234
1314,0,非银金融,多元金融,金融信息服务,002316,亚联发展,0.05466666666666667,0.764
1315,1,非银金融,多元金融,金融控股,000617,中油资本,0.9573333333333334,0.8353333333333334
1316,1,非银金融,多元金融,金融控股,600061,国投资本,0.9173333333333333,0.7653333333333333
1317,0,非银金融,多元金融,金融控股,600705,中航产融,0.8746666666666667,0.776
1318,1,非银金融,多元金融,金融控股,000987,越秀资本,0.8686666666666667,0.7853333333333333
1319,0,非银金融,多元金融,金融控股,600390,五矿资本,0.8126666666666666,0.7113333333333334
1320,1,非银金融,多元金融,金融控股,002423,中粮资本,0.7493333333333333,0.682
1321,0,非银金融,多元金融,金融控股,600120,浙江东方,0.654,0.4166666666666667
1322,0,非银金融,多元金融,金融控股,600643,爱建集团,0.5086666666666667,0.35733333333333334
1323,0,非银金融,多元金融,金融控股,600318,新力金融,0.166,0.794
1324,0,非银金融,多元金融,金融控股,600830,香溢融通,0.12,0.532
1325,0,非银金融,多元金融,金融控股,600599,ST熊猫,0.06066666666666667,0.45066666666666666
1326,0,非银金融,多元金融,金融控股,000416,*ST民控,0.028,0.108
1327,1,非银金融,证券Ⅱ,证券Ⅲ,600030,中信证券,0.994,0.918
1328,1,非银金融,证券Ⅱ,证券Ⅲ,300059,东方财富,0.9893333333333333,0.9866666666666667
1329,1,非银金融,证券Ⅱ,证券Ⅲ,601995,中金公司,0.9853333333333333,0.43466666666666665
1330,1,非银金融,证券Ⅱ,证券Ⅲ,601066,中信建投,0.9833333333333333,0.8406666666666667
1331,1,非银金融,证券Ⅱ,证券Ⅲ,601211,国泰君安,0.976,0.672
1332,1,非银金融,证券Ⅱ,证券Ⅲ,601688,华泰证券,0.9733333333333334,0.8533333333333334
1333,1,非银金融,证券Ⅱ,证券Ⅲ,600837,海通证券,0.9726666666666667,0.7493333333333333
1334,1,非银金融,证券Ⅱ,证券Ⅲ,600999,招商证券,0.9706666666666667,0.84
1335,1,非银金融,证券Ⅱ,证券Ⅲ,601881,中国银河,0.9686666666666667,0.9526666666666667
1336,1,非银金融,证券Ⅱ,证券Ⅲ,000776,广发证券,0.968,0.8753333333333333
1337,0,非银金融,证券Ⅱ,证券Ⅲ,000166,申万宏源,0.9673333333333334,0.654
1338,1,非银金融,证券Ⅱ,证券Ⅲ,002736,国信证券,0.956,0.7026666666666667
1339,1,非银金融,证券Ⅱ,证券Ⅲ,600958,东方证券,0.952,0.9533333333333334
1340,1,非银金融,证券Ⅱ,证券Ⅲ,601788,光大证券,0.9453333333333334,0.9853333333333333
1341,1,非银金融,证券Ⅱ,证券Ⅲ,601901,方正证券,0.9306666666666666,0.6293333333333333
1342,1,非银金融,证券Ⅱ,证券Ⅲ,601377,兴业证券,0.9266666666666666,0.9293333333333333
1343,0,非银金融,证券Ⅱ,证券Ⅲ,601059,信达证券,0.9226666666666666,0.98
1344,1,非银金融,证券Ⅱ,证券Ⅲ,600918,中泰证券,0.9206666666666666,0.8986666666666666
1345,0,非银金融,证券Ⅱ,证券Ⅲ,601136,首创证券,0.9,0.9426666666666667
1346,1,非银金融,证券Ⅱ,证券Ⅲ,601878,浙商证券,0.8913333333333333,0.8546666666666667
1347,1,非银金融,证券Ⅱ,证券Ⅲ,601236,红塔证券,0.8833333333333333,0.9366666666666666
1348,1,非银金融,证券Ⅱ,证券Ⅲ,002945,华林证券,0.882,0.812
1349,1,非银金融,证券Ⅱ,证券Ⅲ,601555,东吴证券,0.8786666666666667,0.5726666666666667
1350,1,非银金融,证券Ⅱ,证券Ⅲ,601108,财通证券,0.8753333333333333,0.8573333333333333
1351,1,非银金融,证券Ⅱ,证券Ⅲ,002939,长城证券,0.8733333333333333,0.7386666666666667
1352,1,非银金融,证券Ⅱ,证券Ⅲ,000783,长江证券,0.868,0.5006666666666667
1353,1,非银金融,证券Ⅱ,证券Ⅲ,600109,国金证券,0.8646666666666667,0.844
1354,1,非银金融,证券Ⅱ,证券Ⅲ,601990,南京证券,0.8526666666666667,0.7033333333333334
1355,1,非银金融,证券Ⅱ,证券Ⅲ,601696,中银证券,0.8466666666666667,0.7586666666666667
1356,1,非银金融,证券Ⅱ,证券Ⅲ,000728,国元证券,0.844,0.6673333333333333
1357,1,非银金融,证券Ⅱ,证券Ⅲ,002673,西部证券,0.8426666666666667,0.6926666666666667
1358,1,非银金融,证券Ⅱ,证券Ⅲ,601198,东兴证券,0.8246666666666667,0.6833333333333333
1359,1,非银金融,证券Ⅱ,证券Ⅲ,601456,国联证券,0.8233333333333334,0.9146666666666666
1360,0,非银金融,证券Ⅱ,证券Ⅲ,601162,天风证券,0.822,0.7906666666666666
1361,0,非银金融,证券Ⅱ,证券Ⅲ,600369,西南证券,0.8133333333333334,0.642
1362,0,非银金融,证券Ⅱ,证券Ⅲ,002797,第一创业,0.808,0.668
1363,1,非银金融,证券Ⅱ,证券Ⅲ,600906,财达证券,0.802,0.8633333333333333
1364,0,非银金融,证券Ⅱ,证券Ⅲ,600909,华安证券,0.792,0.6906666666666667
1365,1,非银金融,证券Ⅱ,证券Ⅲ,600095,湘财股份,0.7833333333333333,0.9726666666666667
1366,1,非银金融,证券Ⅱ,证券Ⅲ,002926,华西证券,0.782,0.8906666666666667
1367,0,非银金融,证券Ⅱ,证券Ⅲ,002500,山西证券,0.77,0.7793333333333333
1368,0,非银金融,证券Ⅱ,证券Ⅲ,000750,国海证券,0.7466666666666667,0.6993333333333334
1369,0,非银金融,证券Ⅱ,证券Ⅲ,601099,太平洋,0.736,0.5973333333333334
1370,0,非银金融,证券Ⅱ,证券Ⅲ,601375,中原证券,0.7306666666666667,0.716
1371,1,非银金融,证券Ⅱ,证券Ⅲ,000686,东北证券,0.718,0.9266666666666666
1372,0,非银金融,证券Ⅱ,证券Ⅲ,002670,国盛金控,0.6946666666666667,0.822
1373,1,非银金融,证券Ⅱ,证券Ⅲ,600155,华创云信,0.6726666666666666,0.864
1374,0,非银金融,证券Ⅱ,证券Ⅲ,600621,华鑫股份,0.616,0.796
1375,1,非银金融,证券Ⅱ,证券Ⅲ,000712,锦龙股份,0.6106666666666667,0.6166666666666667
1376,0,非银金融,证券Ⅱ,证券Ⅲ,600864,哈投股份,0.592,0.68
1377,1,食品饮料,休闲食品,烘焙食品,603866,桃李面包,0.72,0.6826666666666666
1378,1,食品饮料,休闲食品,烘焙食品,603043,广州酒家,0.7106666666666667,0.3293333333333333
1379,1,食品饮料,休闲食品,烘焙食品,300973,立高食品,0.6266666666666667,0.25666666666666665
1380,0,食品饮料,休闲食品,烘焙食品,605339,南侨食品,0.538,0.36866666666666664
1381,1,食品饮料,休闲食品,烘焙食品,603886,元祖股份,0.2926666666666667,0.25933333333333336
1382,1,食品饮料,休闲食品,烘焙食品,002956,西麦食品,0.20466666666666666,0.428
1383,0,食品饮料,休闲食品,烘焙食品,001219,青岛食品,0.12133333333333333,0.3873333333333333
1384,0,食品饮料,休闲食品,烘焙食品,002820,桂发祥,0.08066666666666666,0.5086666666666667
1385,1,食品饮料,休闲食品,熟食,603517,绝味食品,0.8146666666666667,0.8466666666666667
1386,0,食品饮料,休闲食品,熟食,603057,紫燕食品,0.5753333333333334,0.4746666666666667
1387,1,食品饮料,休闲食品,熟食,002695,煌上煌,0.368,0.5813333333333334
1388,1,食品饮料,休闲食品,零食,002557,洽洽食品,0.784,0.3953333333333333
1389,1,食品饮料,休闲食品,零食,002847,盐津铺子,0.7006666666666667,0.5466666666666666
1390,1,食品饮料,休闲食品,零食,603719,良品铺子,0.612,0.38333333333333336
1391,1,食品饮料,休闲食品,零食,300783,三只松鼠,0.5333333333333333,0.4693333333333333
1392,1,食品饮料,休闲食品,零食,002991,甘源食品,0.474,0.2866666666666667
1393,1,食品饮料,休闲食品,零食,603777,来伊份,0.4246666666666667,0.448
1394,1,食品饮料,休闲食品,零食,003000,劲仔食品,0.3993333333333333,0.7786666666666666
1395,1,食品饮料,休闲食品,零食,000716,黑芝麻,0.3446666666666667,0.9766666666666667
1396,1,食品饮料,休闲食品,零食,603697,有友食品,0.256,0.5433333333333333
1397,1,食品饮料,休闲食品,零食,002582,好想你,0.20333333333333334,0.4513333333333333
1398,1,食品饮料,白酒Ⅱ,白酒Ⅲ,600519,贵州茅台,1.0,0.6426666666666667
1399,1,食品饮料,白酒Ⅱ,白酒Ⅲ,000858,五粮液,0.9966666666666667,0.912
1400,1,食品饮料,白酒Ⅱ,白酒Ⅲ,000568,泸州老窖,0.9946666666666667,0.9066666666666666
1401,1,食品饮料,白酒Ⅱ,白酒Ⅲ,600809,山西汾酒,0.99,0.504
1402,1,食品饮料,白酒Ⅱ,白酒Ⅲ,002304,洋河股份,0.988,0.8413333333333334
1403,1,食品饮料,白酒Ⅱ,白酒Ⅲ,000596,古井贡酒,0.9766666666666667,0.936
1404,1,食品饮料,白酒Ⅱ,白酒Ⅲ,603369,今世缘,0.9413333333333334,0.9053333333333333
1405,1,食品饮料,白酒Ⅱ,白酒Ⅲ,603198,迎驾贡酒,0.9193333333333333,0.946
1406,1,食品饮料,白酒Ⅱ,白酒Ⅲ,600702,舍得酒业,0.9153333333333333,0.9306666666666666
1407,1,食品饮料,白酒Ⅱ,白酒Ⅲ,603589,口子窖,0.8666666666666667,0.8313333333333334
1408,1,食品饮料,白酒Ⅱ,白酒Ⅲ,000799,酒鬼酒,0.8533333333333334,0.93
1409,1,食品饮料,白酒Ⅱ,白酒Ⅲ,600779,水井坊,0.852,0.8433333333333334
1410,1,食品饮料,白酒Ⅱ,白酒Ⅲ,600559,老白干酒,0.804,0.8833333333333333
1411,1,食品饮料,白酒Ⅱ,白酒Ⅲ,000860,顺鑫农业,0.7993333333333333,0.9793333333333333
1412,1,食品饮料,白酒Ⅱ,白酒Ⅲ,600199,金种子酒,0.7166666666666667,0.6446666666666667
1413,1,食品饮料,白酒Ⅱ,白酒Ⅲ,600197,伊力特,0.6453333333333333,0.8693333333333333
1414,1,食品饮料,白酒Ⅱ,白酒Ⅲ,603919,金徽酒,0.6313333333333333,0.6373333333333333
1415,0,食品饮料,白酒Ⅱ,白酒Ⅲ,600696,岩石股份,0.516,0.16266666666666665
1416,1,食品饮料,白酒Ⅱ,白酒Ⅲ,002646,天佑德酒,0.44466666666666665,0.7146666666666667
1417,0,食品饮料,白酒Ⅱ,白酒Ⅲ,000995,*ST皇台,0.15266666666666667,0.43733333333333335
1418,1,食品饮料,调味发酵品Ⅱ,调味发酵品Ⅲ,603288,海天味业,0.992,0.7426666666666667
1419,1,食品饮料,调味发酵品Ⅱ,调味发酵品Ⅲ,600298,安琪酵母,0.8613333333333333,0.5566666666666666
1420,1,食品饮料,调味发酵品Ⅱ,调味发酵品Ⅲ,600872,中炬高新,0.8433333333333334,0.386
1421,1,食品饮料,调味发酵品Ⅱ,调味发酵品Ⅲ,002507,涪陵榨菜,0.7806666666666666,0.7886666666666666
1422,1,食品饮料,调味发酵品Ⅱ,调味发酵品Ⅲ,603027,千禾味业,0.7673333333333333,0.6593333333333333
1423,1,食品饮料,调味发酵品Ⅱ,调味发酵品Ⅲ,603317,天味食品,0.7066666666666667,0.814
1424,1,食品饮料,调味发酵品Ⅱ,调味发酵品Ⅲ,600305,恒顺醋业,0.6346666666666667,0.5993333333333334
1425,0,食品饮料,调味发酵品Ⅱ,调味发酵品Ⅲ,603170,宝立食品,0.53,0.7873333333333333
1426,0,食品饮料,调味发酵品Ⅱ,调味发酵品Ⅲ,600186,莲花健康,0.3373333333333333,0.12533333333333332
1427,1,食品饮料,调味发酵品Ⅱ,调味发酵品Ⅲ,300908,仲景食品,0.328,0.07666666666666666
1428,0,食品饮料,调味发酵品Ⅱ,调味发酵品Ⅲ,002650,加加食品,0.286,0.632
1429,0,食品饮料,调味发酵品Ⅱ,调味发酵品Ⅲ,603755,日辰股份,0.15333333333333332,0.612
1430,0,食品饮料,调味发酵品Ⅱ,调味发酵品Ⅲ,002495,佳隆股份,0.08666666666666667,0.5586666666666666
1431,0,食品饮料,调味发酵品Ⅱ,调味发酵品Ⅲ,603696,安记食品,0.07466666666666667,0.7086666666666667
1432,0,食品饮料,调味发酵品Ⅱ,调味发酵品Ⅲ,831726,朱老六,0.029333333333333333,0.09666666666666666
1433,1,食品饮料,非白酒,其他酒类,002568,百润股份,0.888,0.8213333333333334
1434,1,食品饮料,非白酒,其他酒类,000869,张裕A,0.7826666666666666,0.7366666666666667
1435,1,食品饮料,非白酒,其他酒类,600059,古越龙山,0.5633333333333334,0.8053333333333333
1436,0,食品饮料,非白酒,其他酒类,600084,中葡股份,0.5313333333333333,0.07933333333333334
1437,1,食品饮料,非白酒,其他酒类,601579,会稽山,0.39866666666666667,0.8966666666666666
1438,0,食品饮料,非白酒,其他酒类,600238,海南椰岛,0.33066666666666666,0.8786666666666667
1439,1,食品饮料,非白酒,其他酒类,600616,金枫酒业,0.324,0.6853333333333333
1440,0,食品饮料,非白酒,其他酒类,603779,威龙股份,0.26466666666666666,0.8726666666666667
1441,0,食品饮料,非白酒,其他酒类,600543,*ST莫高,0.04933333333333333,0.3
1442,1,食品饮料,非白酒,啤酒,600600,青岛啤酒,0.9773333333333334,0.7093333333333334
1443,1,食品饮料,非白酒,啤酒,600132,重庆啤酒,0.9186666666666666,0.9313333333333333
1444,1,食品饮料,非白酒,啤酒,000729,燕京啤酒,0.8826666666666667,0.798
1445,1,食品饮料,非白酒,啤酒,002461,珠江啤酒,0.766,0.6386666666666667
1446,1,食品饮料,非白酒,啤酒,600573,惠泉啤酒,0.15533333333333332,0.784
1447,0,食品饮料,非白酒,啤酒,000929,兰州黄河,0.05733333333333333,0.7933333333333333
1448,0,食品饮料,非白酒,啤酒,000752,*ST西发,0.030666666666666665,0.07066666666666667
1449,1,食品饮料,食品加工,保健品,300146,汤臣倍健,0.894,0.634
1450,1,食品饮料,食品加工,保健品,002626,金达威,0.6173333333333333,0.5633333333333334
1451,1,食品饮料,食品加工,保健品,300791,仙乐健康,0.352,0.63
1452,0,食品饮料,食品加工,保健品,600381,青海春天,0.302,0.378
1453,0,食品饮料,食品加工,保健品,603102,百合股份,0.12266666666666666,0.24
1454,0,食品饮料,食品加工,保健品,833429,康比特,0.019333333333333334,0.172
1455,1,食品饮料,食品加工,肉制品,000895,双汇发展,0.9533333333333334,0.564
1456,1,食品饮料,食品加工,肉制品,002840,华统股份,0.5626666666666666,0.8513333333333334
1457,1,食品饮料,食品加工,肉制品,002726,龙大美食,0.5513333333333333,0.4013333333333333
1458,1,食品饮料,食品加工,肉制品,600073,上海梅林,0.466,0.5826666666666667
1459,0,食品饮料,食品加工,肉制品,002515,金字火腿,0.308,0.4
1460,1,食品饮料,食品加工,肉制品,000529,广弘控股,0.23933333333333334,0.174
1461,0,食品饮料,食品加工,肉制品,002330,得利斯,0.21733333333333332,0.7473333333333333
1462,1,食品饮料,食品加工,预加工食品,603345,安井食品,0.914,0.276
1463,1,食品饮料,食品加工,预加工食品,002216,三全食品,0.6686666666666666,0.5386666666666666
1464,1,食品饮料,食品加工,预加工食品,605338,巴比食品,0.418,0.6573333333333333
1465,1,食品饮料,食品加工,预加工食品,001215,千味央厨,0.404,0.342
1466,0,食品饮料,食品加工,预加工食品,605089,味知香,0.36333333333333334,0.5873333333333334
1467,0,食品饮料,食品加工,预加工食品,603237,五芳斋,0.3333333333333333,0.9633333333333334
1468,1,食品饮料,食品加工,预加工食品,002661,克明食品,0.22066666666666668,0.37266666666666665
1469,0,食品饮料,食品加工,预加工食品,605567,春雪食品,0.111,0.15866666666666668
1470,0,食品饮料,食品加工,预加工食品,002702,海欣食品,0.104,0.542
1471,0,食品饮料,食品加工,预加工食品,603536,惠发食品,0.044,0.4033333333333333
1472,0,食品饮料,食品加工,预加工食品,836826,盖世食品,0.014666666666666666,0.464
1473,1,食品饮料,饮料乳品,乳品,600887,伊利股份,0.9826666666666667,0.8113333333333334
1474,1,食品饮料,饮料乳品,乳品,600597,光明乳业,0.6846666666666666,0.47333333333333333
1475,1,食品饮料,饮料乳品,乳品,002946,新乳业,0.6626666666666666,0.31933333333333336
1476,1,食品饮料,饮料乳品,乳品,600882,妙可蓝多,0.6206666666666667,0.91
1477,0,食品饮料,饮料乳品,乳品,605300,佳禾食品,0.5073333333333333,0.58
1478,0,食品饮料,饮料乳品,乳品,600429,三元股份,0.47533333333333333,0.49266666666666664
1479,1,食品饮料,饮料乳品,乳品,600419,天润乳业,0.36666666666666664,0.08266666666666667
1480,1,食品饮料,饮料乳品,乳品,605388,均瑶健康,0.36533333333333334,0.534
1481,1,食品饮料,饮料乳品,乳品,002329,皇氏集团,0.3413333333333333,0.8953333333333333
1482,0,食品饮料,饮料乳品,乳品,002570,贝因美,0.304,0.49666666666666665
1483,0,食品饮料,饮料乳品,乳品,605179,一鸣食品,0.2773333333333333,0.5293333333333333
1484,0,食品饮料,饮料乳品,乳品,001318,阳光乳业,0.23866666666666667,0.732
1485,1,食品饮料,饮料乳品,乳品,002732,燕塘乳业,0.196,0.4646666666666667
1486,0,食品饮料,饮料乳品,乳品,300915,海融科技,0.18733333333333332,0.5653333333333334
1487,0,食品饮料,饮料乳品,乳品,300898,熊猫乳品,0.13266666666666665,0.47733333333333333
1488,0,食品饮料,饮料乳品,乳品,300892,品渥食品,0.094,0.7673333333333333
1489,1,食品饮料,饮料乳品,乳品,002910,庄园牧场,0.08266666666666667,0.82
1490,0,食品饮料,饮料乳品,乳品,300106,西部牧业,0.05,0.486
1491,0,食品饮料,饮料乳品,乳品,002719,麦趣尔,0.04733333333333333,0.708
1492,1,食品饮料,饮料乳品,软饮料,605499,东鹏饮料,0.9406666666666667,0.4026666666666667
1493,1,食品饮料,饮料乳品,软饮料,603156,养元饮品,0.854,0.024666666666666667
1494,1,食品饮料,饮料乳品,软饮料,000848,承德露露,0.5666666666666667,0.8973333333333333
1495,1,食品饮料,饮料乳品,软饮料,603711,香飘飘,0.5413333333333333,0.87
1496,1,食品饮料,饮料乳品,软饮料,605337,李子园,0.478,0.8866666666666667
1497,0,食品饮料,饮料乳品,软饮料,300997,欢乐家,0.45,0.43133333333333335
1498,0,食品饮料,饮料乳品,软饮料,600300,维维股份,0.332,0.446
1499,1,食品饮料,饮料乳品,软饮料,600189,泉阳泉,0.288,0.7433333333333333
